Question,Option_1,Option_2,Option_3,Option_4,RC,year
1. El potencial de equilibrio para un ión permeante a través de una membrana se calcula mediante:,1. El equilibrio de Gibbs-Donnan.,2. La ecuación de Goldman-Hodgkin-Katz.,3. La ecuación de Ohm.,4. La ecuación de Nernst.,4,2015
"2. Tras la recepción de la luz, la permeabilidad de los fotorreceptores al:",1. Sodio disminuye.,2. Potasio disminuye.,3. AMPc aumenta.,4. GMPc aumenta.,1,2015
3. Las fibras sensoriales con mayor velocidad de conducción son de:,1. Propiocepción.,2. Tacto discriminativo.,3. Temperatura.,4. Dolor.,1,2015
4. Los conos de la retina:,1. Poseen mayor sensibilidad a la luz que los bastones.,2. Se distribuyen homogéneamente en la retina.,3. Proporcionan elevada agudeza visual.,4. Tienen un único tipo de opsina.,3,2015
5. Las células de Purkinje:,1. Excitan neuronas del núcleo ventral-anterior talámico.,2. Inhiben neuronas de núcleos cerebelosos profundos.,3. Excitan neuronas de corteza motora primaria.,4. Inhiben motoneuronas espinales.,2,2015
6. Discrimina el tono de un sonido:,1. Las características de la membrana basilar.,2. La amplitud del potencial de acción.,3. El desplazamiento de los cilios.,4. La frecuencia de impulsos nerviosos.,1,2015
7. En los reflejos espinales:,1. Monosinápticos intervienen interneuronas.,2. Las interneuronas forman la vía final común.,3. Las neuronas sensitivas entran en la médula por la parte dorsal.,4. Las motoneuronas gamma inervan las fibras del músculo esquelético.,3,2015
8. Las fibras trepadoras que llegan a la corteza cerebelosa sinaptan con las células:,1. De Purkinge.,2. Granulosas solamente.,3. Granulosas y estrelladas.,4. De Golgi.,1,2015
"9. En el cerebelo, tiene f unción específica sobre el control de la postura:",1. El núcleo dentado.,2. Las áreas laterales de los hemisferios cerebelosos.,3. El núcleo intermedio.,4. El lóbulo floculonodular.,4,2015
10. Estimula a las células cromafines de la médula adrenal la:,1. Acetil-colina.,2. Noradrenalina.,3. Dopamina.,4. Serotonina.,1,2015
11. Es monosináptico el reflejo:,1. Extensor cruzado.,2. Tendinoso de Golgi.,3. Miotático.,4. De flexión.,3,2015
12. Las células ciliadas de los canales semicirculares:,1. Detectan aceleración lineal.,2. Se despolarizan por entrada de K+ desde la endolinfa.,3. Poseen otolitos en su superficie.,4. Orientan sus estereocilios perpendicularmente a la estriola.,2,2015
13. Reaccionan a la presión profunda y vibración rápida los corpúsculos de:,1. Meissner.,2. Merkel.,3. Ruffini.,4. Pacini.,4,2015
14. La inspiración favorece al retorno venoso porque:,1. Disminuye la presión venosa central.,2. Aumenta la presión arterial.,3. Incrementa la presión intratorácica.,4. Disminuye la presión capilar pulmonar.,1,2015
15. La presión aórtica es mínima durante la fase de:,1. Llenado ventricular lento.,2. Relajación isométrica.,3. Contracción isométrica.,4. Sístole auricular.,3,2015
16. El descenso de la presión arterial:,1. Aumenta la tasa de filtración glomerular.,2. Disminuye la Angiotensina II en plasma.,3. Disminuye la actividad cardiovascular.,4. Aumenta la liberación de aldosterona.,4,2015
17. El volumen minuto del ventrículo derecho e izquierdo es:,1. Similar.,2. Mucho mayor en el izquierdo porque la post carga es mayor.,3. Mucho menor en el derecho porque la presión de eyección es menor,4. Mucho menor en el derecho porque la musculatura del ventrículo derecho es menor.,1,2015
18. La estimulación va gal del corazón fundamentalmente causa:,1. Bradicardia.,2. Aumento de la velocidad de conducción en el nodo aurículo-ventricular.,3. Aumento de la fuerza contráctil.,4. Aumento del gasto cardiaco.,1,2015
19. La vasodilatación de las arteriolas aumenta:,1. La resistencia periférica total.,2. La presión arterial.,3. El flujo sanguíneo capilar.,4. La viscosidad de la sangre.,3,2015
20. El primer ruido cardíaco coincide con:,1. Final de la sístole ventricular.,2. Inicio de la sístole auricular.,3. Apertura de la válvula aórtica.,4. Cierre de las válvulas aurículo-ventriculares.,4,2015
21. La estimulación de los barorreceptores carotídeos induce:,1. Bradicardia.,2. Vasoconstricción.,3. Incremento de la presión arterial.,4. Aumento del volumen minuto cardiaco.,1,2015
22. La estimulación simpática inhibe la:,1. Frecuencia cardiaca.,2. Digestión.,3. Producción y liberación de glucosa.,4. Sudoración.,2,2015
23. La estimulación de los barorreceptores aumenta la:,1. Liberación de adrenalina.,2. Estimulación vagal.,3. Liberación de ADN.,4. Vasoconstricción.,2,2015
24. La presión diastólica ventricular es aproximadamente:,1. 80 mm Hg.,2. 60 mm Hg.,3. 0 mm Hg.,4. 100 mm Hg.,0,2015
25. La onda de pulso arterial:,1. Se amortigua y desaparece en los capilares.,2. Provoca los cambios de presión en las venas.,3. Se propaga a la misma velocidad que la sangre.,4. Es directamente proporcional a la distensibilidad arterial.,1,2015
26. La estimulación de los cuerpos carotídeos:,1. Disminuye el pH en sangre arterial.,2. Disminuye la PCO2,3. Aumenta la concentración de bicarbonato en sangre arterial.,4. Disminuye la PO2 en sangre arterial.,2,2015
"27. NO puede medirse directamente mediante espirometría, el volumen:",1. Corriente.,2. De reserva inspiratorio.,3. De reserva espiratorio.,4. Residual.,4,2015
28. Las células alveolares de tipo II:,1. Recubren el 95% del epitelio alveolar.,2. Forman la superficie para el intercambio gaseoso.,3. Presentan gránulos con heparina e histamina.,4. Segregan agente surfactante.,4,2015
29. Durante la inspiración la presión pleural:,1. Igual a la atmosférica.,2. Igual a la transpulmonar.,3. Positiva.,4. Negativa.,4,2015
"30. La filtración renal de H 2O ocurre en los capilares glomerulares y su reabsorción en los peritubulares, porque lo s primeros tienen mayor:",1. Permeabilidad.,2. Presión hidrostática.,3. Presión coloidosmótica.,4. Diámetro.,2,2015
31. La glucosa ap arece en orina:,1. Siempre.,2. Cuando la cantidad de glucosa filtrada supera su transporte tubular máximo.,3. Cuando se filtra y se segrega de forma activa.,4. En la diabetes insípida.,2,2015
32. La rama ascendente del asa de Henle es impermeable al:,1. Sodio.,2. Calcio.,3. Cloruro.,4. Agua.,4,2015
"33. En el túbulo colector, el péptico natriurético atrial inhibe directamente:",1. La reabsorción de agua.,2. La acción de la aldosterona.,3. La acción de la vasopresina.,4. La reabsorción del sodio.,4,2015
"34. Si la velocidad de f iltración glomerular es 125 ml/min y el aclaramiento plasmático de una sustancia “X” es de 80 ml /min, la sustancia “X”:",1. Sólo se filtra.,2. Se filtra y se reabsorbe.,3. Se filtra y se secreta.,4. Solo se secreta.,2,2015
35. La tasa de filtración glomerular en la nefrona aumenta si:,1. Disminuye la presión hidrostática en los capilares glomerulares.,2. Aumenta la presión osmótica en los capilares glomerulares.,3. Disminuye la presión hidrostática en la cápsula de Bowman.,4. Aumenta la resistencia en la arteriola aferente.,3,2015
36. El riñón corrige la disminución de presión arterial aumentando la:,1. Diuresis.,2. Reabsorción de K+.,3. Excreción de Na+.,4. Liberación de renina.,4,2015
37. En un hipertiroideo se puede observar:,1. Movimientos lentos y perezosos.,2. Aumento de la frecuencia cardiaca.,3. Intolerancia al frío.,4. Sobrepeso.,2,2015
38. Estimula la ingesta de alimento:,1. Leptina.,2. Colescistocinina.,3. Neuropéptido Y.,4. Hormona estimulante del melanocito alfa (MSH-a).,3,2015
39. Es similar a la del plasma sanguíneo la concentración de electrolitos en:,1. Jugo pancreático inducido por secretina.,2. Saliva primaria.,3. Jugo gástrico inducido por gastrina.,4. Bilis tras su paso por la vesícula biliar.,2,2015
40. Las hormonas tiroideas:,1. Se almacenan en la tiroides.,2. Se unen mayoritariamente a receptores de membrana.,3. La más potente es la tiroxina.,4. Se transportan en forma libre en el plasma.,1,2015
41. Aumenta directamente la absorción intestinal de calcio:,1. La vitamina D.,2. El calcitriol.,3. La calcitonina.,4. La calbindina.,0,2015
42. Transforma la angiotensina I en II la:,1. Renina.,2. Enzima convertidora de angiotensina.,3. Aldosterona.,4. Angiotensinasa.,2,2015
43. La pérdida de neuronas dopaminérgicas del hipotálamo aumenta la secreción hipofisaria de:,1. Prolactina.,2. L-dopa.,3. GH.,4. FSH.,1,2015
44. La aldosterona:,1. Actúa en todos los túbulos de la nefrona con la misma intensidad.,2. Disminuye la actividad Na+/K+/ATPasa.,3. Estimula la síntesis de canales de Na+.,4. Es una hormona peptídica.,3,2015
45. El estímulo más potent e para la liberación de vasopresina o ADH es:,1. Un aumento de osmolaridad plasmática.,2. El aumento de la presión arterial.,3. El aumento de la volemia.,4. La saciedad.,1,2015
46. Las balsas lipídicas son agregados de colesterol y:,1. Fosfolípidos.,2. Triacilglicéridos.,3. Esfingolípidos.,4. Ácidos grasos.,3,2015
"47. En relación con las proteínas, es un proceso que NO se realiza en Golgi:",1. Glicosilación.,2. Sulfatación.,3. Ubiquitinación.,4. Formación de gránulos de secreción.,3,2015
"48. Para su selección, las enzimas lisosomales de nueva síntesis van marcadas con:",1. Monoubiquitina.,2. Manosa-6-fosfato.,3. Secuencia espiral de cuatro aminoácidos.,4. Fosfatidilinositol.,2,2015
49. Las caveolas median procesos de:,1. Exocitosis.,2. Endocitosis.,3. Fagocitosis.,4. Diapédesis.,2,2015
50. Es una función de los peroxisomas:,1. Oxidación de los ácidos grasos.,2. Oxidación de proteínas.,3. Síntesis de catalasa.,4. Oxidación de ácidos biliares.,1,2015
51. La inestabilidad de los microtúbulos significa que:,1. Son lábiles.,2. Crecen por un extremo y se acortan por el otro.,3. Tienen tendencia a experimentar fragmentación.,4. Alternan fases de crecimiento con periodos de acortamiento.,4,2015
52. La red citoesquelética del glóbulo rojo está constituida por filamentos cortos de actina unidos mediante:,1. Miosina.,2. Tropomiosina.,3. Espectrina.,4. Fimbrina.,3,2015
53. La proteína motora encargada de extender el retículo endoplasmático hacia la periferia celular es:,1. Quinesina.,2. Dineína.,3. Dinactina.,4. Miosina.,1,2015
54. La mayoría de las pr oteínas mitocondriales son sintetizas por ribosomas situados en:,1. Citosol.,2. Retículo endoplásmico.,3. Matriz mitocondrial.,4. Envoltura nuclear.,1,2015
55. La unión intercelular que abarca todo el perímetro celular es:,1. Unión ocluyente.,2. Desmosoma.,3. Hemidesmosoma.,4. Gap.,1,2015
56. Confiere resistencia mecánica a la matriz extracelular:,1. Metaloproteasa.,2. Colágeno.,3. Fibronectina.,4. Laminina.,2,2015
57. Un endotelio es un epitelio:,1. Simple plano.,2. Estratificado plano.,3. Seudoestratificado.,4. De transición.,1,2015
58. Dan forma y estabilidad a la envoltura nuclear:,1. Ran GTPasa.,2. Laminas nucleares.,3. Nucleoporinas.,4. Filamina.,2,2015
59. La heterocromatina:,1. Está poco condensada (fibras de 30-60nm),2. Es transcripcionalmente activa.,3. Contiene secuencias de DNA altamente repetitivas.,4. Se dispone alrededor del complejo de poro nuclear.,3,2015
60. Sostienen y nutren la s células germinales masculinas las células de:,1. Leydig.,2. Merkel.,3. Sertoli.,4. Langerhans.,3,2015
61. La detoxificación celular de fármacos liposolubles ocurre en:,1. Lisosomas.,2. Complejo de Golgi.,3. Mitocondrias.,4. Retículo endoplásmico liso.,4,2015
62. Pertenece a la membrana interna mitocondrial:,1. Monoaminooxidasas.,2. Porinas.,3. Enzimas solubles del ciclo de Krebs.,4. Citocromo.,4,2015
63. Los ribosomas de las mitocondrias de los mamíferos:,1. Son iguales a los del citoplasma de las células eucariotas.,2. Poseen RNA ribosómicos 16S y 12S.,3. Sintetizan todas las proteínas mitocondriales.,4. Poseen dos subunidades de igual tamaño y estructura.,2,2015
64. Son responsables de la forma y el movimiento de la superficie celular:,1. Tubulinas.,2. Filamentos intermedios.,3. Filamentos de actina.,4. Filamentos de miosina.,3,2015
65. En las células animales la citocinesis ocurre por:,1. La presión externa ejercida por las fibras de colágeno tipo VI.,2. Un anillo contráctil de alfa-tubulina.,3. La fusión de vesículas secretoras.,4. Anillo contráctil de filamentos de actina y miosina.,4,2015
66. NO tiene un origen nervioso:,1. Células ependimarias.,2. Microglía.,3. Astrocitos.,4. Células quimiosensibles bulbares.,2,2015
67. Las glándulas del colon son:,1. Tubulares simples.,2. Tubulares compuestas.,3. Tuboloacinares.,4. Acinares.,1,2015
68. Participan en el tránsito vesicular entre el retículo endoplasmático rugoso (RER) y el aparato de Golgi:,1. Clatrina.,2. Coatómeros (COP).,3. Caveolina.,4. Emerina.,2,2015
69. Forman parte de las uniones herméticas o estrechas:,1. Desmogleínas.,2. Desmocolinas.,3. Claudinas.,4. Integrinas.,3,2015
70. Acompañan a las células endoteliales en los capilares:,1. Podocitos.,2. Células mesangiales.,3. Pericitos.,4. Miocitos.,3,2015
71. En el ganglio linfático  la mayor parte de los linfocitos T se localizan en:,1. Corteza periférica.,2. Corteza profunda.,3. Cordones medulares.,4. Senos modulares.,2,2015
72. El epitelio del uréter es:,1. Cilíndrico estratificado.,2. Plano estratificado.,3. Cúbico estratificado.,4. De transición.,4,2015
73. Las células de las gl ándulas sudoríparas ecrinas que segregan proteínas son las:,1. Claras.,2. Mioepiteliales.,3. Oscuras.,4. De los conductos.,3,2015
74. El movimiento de las vesículas desde su lugar de formación hacia el objetivo final se debe a:,1. Proteínas motoras asociadas a los largo de los microtúbulos.,2. Filamentos de actina y miosina.,3. Filamentos de vimentina.,4. Filamentos de queratina.,1,2015
75. La función principal del retículo endoplasmático liso es:,1. Síntesis de proteínas.,2. Síntesis de lípidos.,3. Dirigir el tráfico de las proteínas una vez sintetizada.,4. Síntesis de polisacáridos.,2,2015
76. El periodo de latencia de un virus:,1. Dura menos que su fase eclipse.,2. También se conoce como fase de eclipse.,3. Culmina con el ensamblaje de los viriones en el interior de la célula.,4. Finaliza con la liberación de los nuevos viriones al exterior.,4,2015
77. ¿Cuál de los siguientes virus codifica una transcriptasa inversa?,1. Parvovirus.,2. Reovirus.,3. Hepadnavirus.,4. Flavivirus.,3,2015
78. ¿Cuál de los siguientes virus se replica en el citoplasma?,1. Herpesvirus.,2. Parvovirus.,3. Poxvirus.,4. Adenovirus.,3,2015
79. ¿Cuál de los siguientes virus tiene su material genético segmentado en el virión?,1. Coronavirus.,2. Rhabdovirus.,3. Ortomixovirus.,4. Filovirus.,3,2015
80. La cápside de los adenovirus se ensambla en:,1. Núcleo.,2. Retículo endoplasmático.,3. Cara interna de la membrana citoplasmática.,4. Citosol.,1,2015
81. La liberación de los rotavirus una vez finalizado su ciclo reproducti vo en la célula huésped tiene lugar por:,1. Gemación.,2. Lisis celular.,3. Exocitosis.,4. Puentes intercelulares.,2,2015
82. El material genético de los filovirus es:,1. DNA bicatenario.,2. RNA bicatenario (+).,3. RNA monocatenario (-).,4. RNA monocatenario (+).,3,2015
83. La estructura de la cápside de los paramixovirus presenta simetría:,1. Compleja.,2. Icosaédrica.,3. Esférica.,4. Helicoidal.,4,2015
84. Los arbovirus se transmiten a través de:,1. Murciélagos.,2. Roedores.,3. Artrópodos.,4. Perros.,3,2015
85. El virus de la rubeola es un:,1. Togavirus.,2. Flavivirus.,3. Arenavirus.,4. Ortomixovirus.,1,2015
86. ¿Cuál de los siguientes virus es un flavivirus?,1. Virus respiratorio sincitial.,2. Rinovirus.,3. Virus del eritema infeccioso.,4. Virus del dengue.,4,2015
87. Característicamente lo s rotavirus son capaces de infectar:,1. El sistema linfático.,2. El tracto digestivo.,3. El aparato urogenital.,4. Las vías respiratorias superiores.,2,2015
88. El virus de la hepatiti s A y el de la hepatitis C se diferencian por:,1. Su tipo de material genético.,2. La estructura de la cápside.,3. La presencia o ausencia de una envoltura alrededor de la cápside.,4. La metodología empleada para su detección.,3,2015
89. El antiviral saquinavir que se utiliza contra el virus de la inmunodeficiencia humana es un inhibidor de la:,1. Fusión a la célula diana.,2. Transcriptasa inversa del virus.,3. Proteasa viral.,4. Integrasa viral.,3,2015
90. Un tipo de virus qu e establece fácilmente una infección es el:,1. Parvovirus.,2. Rotavirus.,3. Coxsackievirus.,4. Citomegalovirus.,0,2015
91. ¿Cuál es aproximadame nte la mejor resolución que se obtiene en la microscopía de campo claro?,1. 20 µm,"2. 2,0 µm","3. 1,0 µm","4. 0,2 µm",4,2015
92. La tinción con verde malaquita (SchafferFulton) se utiliza para visualizar:,1. Cápsulas.,2. Fimbrias.,3. Flagelos.,4. Esporas.,4,2015
93. ¿Qué tinción se utiliza para el diagnóstico de laboratorio de las enfermedades debidas a Mycobacterium spp?,1. Gram.,2. Ziehl-Neelsen.,3. Leifson.,4. Wirtz-Conklin.,2,2015
94. El lipopolisacárido bacteriano:,1. Contribuye a neutralizar la carga negativa de la membrana.,2. Tiene una cadena O constituida por ácidos de cadena larga.,3. Contribuye a crear una barrera de permeabilidad.,4. Es un tipo de exotoxina.,3,2015
95. Los ácidos teicoicos:,1. Se encuentran en la membrana externa de las bacterias Gram negativas.,2. Son polímeros de glicerol o ribitol unidos por grupos P.,3. Están constituidos por unidades repetitivas de glucosa y galactosa unidas por enlaces beta (1-4).,4. Tienen carga positiva.,2,2015
96.  ¿A qué tipo de agentes pertenece el óxido de etileno?,1. Esterilizantes.,2. Desinfectantes.,3. Antisépticos.,4. De acción oligodinámica.,1,2015
97. Los macrólidos inhiben la síntesis de:,1. La cápsula.,2. El peptidoglicano.,3. El lipopolisacárido.,4. Las proteínas.,4,2015
98. La penicilina inhibe la síntesis de:,1. La membrana plasmática.,2. El lipopolisacárido.,3. El RNA ribosomal.,4. El peptidoglicano o mureína.,4,2015
99. El agente causante de la sífilis:,1. Pertenece al género Spirochaeta.,2. Tiene flagelos periplasmáticos (endoflagelos).,3. Es aerobico estricto.,4. Tiene un flagelo polar.,2,2015
100. Afectan al funciona miento normal de la DNA girasa bacteriana las:,1. Quinolonas.,2. Macrólidos.,3. Tetraciclinas.,4. Penicilinas.,1,2015
101. Es un parásito intracelular obligado:,1. Helicobacter pylori.,2. Yersinia enterocolitica.,3. Rickettsia prowazekii.,4. Staphylococcus aureus.,3,2015
102. La fiebre Q está causada por:,1. Coxiella burnetii.,2. Toxoplasma gondii.,3. Corynebacterium diphtheriae.,4. Brucella melitensis.,1,2015
103. ¿Cuál de los siguientes géneros se asocia más comúnmente a infecciones urinaria en el ser humano?:,1. Escherichia.,2. Proteus.,3. Staphylococus.,4. Serratia.,1,2015
104. Una colitis pseudomembranosa producida después de un consumo de antibióticos está frecuentemente asociada a una infección por:,1. Salmonella typhimurium.,2. Vibrio cholerae.,3. Shigella dysenteriae.,4. Clostridium difficile.,4,2015
105. ¿Cuál de los siguientes elementos es un factor de virulencia de Bacillus anthracis?,1. Endosporas.,2. Cápsulas.,3. Fímbrias.,4. Adhesinas de pared.,2,2015
106. ¿Qué especie del género Bacillus causa enfermedades de transmisión alimentaria?,1. Bacillus megaterium.,2. Bacillus anthracis.,3. Bacillus cereus.,4. Bacillus subtilis.,0,2015
107. ¿Cuál de los siguientes microorganismos es más sensible a la sequedad?,1. Neisseria meningitidis.,2. Bordetella pertussis.,3. Yersinia pestis.,4. Neisseria gonorrhoeae.,4,2015
108. ¿A qué género bacteri ano pertenece la especie causante de la difteria?,1. Micoplasma.,2. Corynebacterium.,3. Brucella.,4. Acinetobacter.,2,2015
109. ¿Cuál de las siguientes  especies bacterianas es intrínsecamente resistent e a muchos antibióticos de amplio uso en clínica?,1. Klebsiella pneumoniae.,2. Haemophilus influenzae.,3. Streptococcus pneumoniae.,4. Pseudomonas aeruginosa.,4,2015
110. ¿Qué comparten todas las especies de los géneros Mycobacterium y Nocardia?,1. Presentar ácidos micólicos en su pared.,2. Ser patógenas de animales.,3. Formar hifas bien desarrolladas.,4. Formar endosporas.,1,2015
111. Puede producir importantes intoxicaciones alimentarias:,1. Lenconostoc mesenteroides.,2. Helicobacter pylori.,3. Coxiella burnetti.,4. Staphylococcus aureus.,4,2015
112. Una prueba importante para diferenciar Staphylococcus aureus de Staphylococcus epidermidis es la detección de:,1. Catalasa.,2. Coagulasa.,3. Utilización de citrato.,4. Reducción de nitrato.,2,2015
113. ¿Cuál es el único reservorio natural de Mycobacterium tuberculosis?,1. Simio.,2. Humano.,3. Ratas.,4. Ganado bovino.,2,2015
114. Las bacterias del género Pseudomonas:,1. Son anaerobias estrictas.,2. Tienen un metabolismo fermentador.,3. No tienen falgelos.,4. Tienen un metabolismo respirador.,4,2015
115. ¿Cuál de las siguient es bacterias puede ser una causa de fiebres reumáticas?,1. Nocardia brasiliensis,2. Streptococcus pyogenes.,3. Staphylococcus epidermidis.,4. Enterococcus faecium.,2,2015
116. Mycoplasma pneumoniae  es intrínsecamente resistente a las penicilinas y cefalosporinas por:,1. Carecer de peptidoglicano.,2. Producir beta-lactamasas constitutivamente.,3. Poseer lípidos que impiden la penetración de estos antibióticos.,4. Desarrollar su ciclo vital en el interior de las células eucarióticas.,1,2015
117. Produce una toxina que causa parálisis muscular flácida:,1. Streptococcus pyogenes.,2. Treponema pallidum.,3. Bordetella pertussis.,4. Clostridium botulinum.,4,2015
118. La tularemia es una zoonosis causada por una especie del género:,1. Frankia.,2. Francisella.,3. Enterococcus.,4. Streptococcus.,2,2015
119. Las enterobacteriaceas:,1. Son bacterias móviles con flagelación polar.,2. Pueden respirar los nitratos.,3. Son catalasa negativas.,4. No incluyen patógenos de vegetales.,2,2015
120. ¿Qué tipo de enfermedades producen más comúnmente en el ser humano las especies del género Campylobacter?,1. Infecciones urinarias.,2. Infecciones de transmisión sexual.,3. Gastroenteritis aguda.,4. Abortos.,3,2015
"121. En comparación con las respuestas inmunitarias adaptativas, las innatas se caracterizan por:",1. Su notable especificidad.,2. Su gran diversidad.,3. Su memoria inmunológica.,4. Ser respuestas tempranas.,4,2015
122. La lectina ligadora de manosa (o manano) tiene una estructura que recuerda a:,1. La properdina.,2. Una IgM.,3. C1q.,4. Una pentraxina.,3,2015
123. El componente de m ayor concentración sérica del sistema del complemento es:,1. C1q.,2. C5.,3. C9.,4. C3.,4,2015
"124. Entre los leucocitos circulantes en sangre, los menos abundantes son:",1. Los basófilos.,2. Los linfocitos.,3. Los monocitos.,4. Los eosinófilos.,1,2015
"125. En el reclutamiento de leucocitos desde la sangre a los tejidos, la selectinas se unen a:",1. Integrinas.,2. Estructuras glucídicas.,3. ICAM-1,4. VCAM-1,2,2015
"126. En los linfocitos NK humanos, el marcador CD16 es funcionalmente:",1. Una molécula de adhesión superficial.,2. Un tipo de receptor antigénico.,3. Un receptor inhibidor.,4. Un receptor para IgG.,4,2015
127. El ligando de Fas (FasL):,1. Induce apoptosis.,2. Induce al cambio isotípico de las inmunoglobulinas.,3. Determina maduración en la afinidad de los anticuerpos.,4. Media la exocitosis de perforina.,1,2015
128. Los linfocitos NKT:,1. Poseen receptores antigénicos de tipo KIR.,2. Reconocen lípidos unidos a moléculas CD1.,3. Poseen receptores antigénicos de ߜߛ .,4. Producen IL-17 de forma destacada.,2,2015
129. Los antígenos TI (independientes del timo):,1. Son buenos inductores de cambio isotípico.,2. Están compuestos por epítopos antigénicos repetidos idénticos.,3. Estimulan preferentemente a los linfocitos B foliculares.,4. Inducen anticuerpos de alta afinidad.,2,2015
130. Presenta cadena J en su estructura:,1. IgM.,2. IgG.,3. IgD.,4. IgE.,1,2015
"131. En el cambio de isotipo de cadena pesada de inmunoglubina en los linfocitos B, desempeña una función clave:",1. La recombinasa V(D)J.,2. La proteína RAG-1.,3. La tirosina cinasa de Bruton (BTK).,4. La desaminasa inducida por la activación (AID).,4,2015
"132. En el procesamiento y presentación de antígenos proteínicos por vía de la clase II del Complejo Principal de Histocompatibilidad humano, intervienen:",1. El proteasoma.,2. La tapasina.,3. Los transportadores TAP.,4. La molécula HLA-DM.,4,2015
"133. En la formación de complejos antígenoanticuerpo, no intervienen:",1. Interacciones electrostáticas.,2. Puentes de hidrógeno.,3. Interacciones hidrofóbicas.,4. Enlaces covalentes.,4,2015
"134. En el bazo, los linfocitos T se localizan sobre todo en:",1. La zona marginal.,2. Los cordones medulares.,3. Los centros germinales.,4. Las vainas linfáticas periarteriolares.,4,2015
135. Los linfocitos ߜߛ :,1. Tienen receptores antigénicos con regiones V invariantes.,2. Reconocen antígenos peptídicos asociados al Complejo Principal de Histocompatibilidad.,3. Tienen receptores antigénicos de diversidad antigénica muy variada.,4. Son especialmente abundantes en los tejidos epiteliales de ciertas especies.,4,2015
136. En relación a los linfocitos T H1:,1. Su diferencia está dirigida sobre todo por la IL-4.,2. Su principal función es activar los macrófagos.,3. Son cruciales en la inmunidad contra los microbios extracelulares.,4. Secretan de una manera importante IL-13.,2,2015
137. En relación a los linfocitos T H2:,1. Estimulan las reacciones mediadas por mastocitos y esinófilos.,2. Producen IFN-gamma e IL-12.,3. Reclutan neutrófilos en las zonas de infección.,4. Su diferenciación es inducida por citocinas proinflamatorias.,1,2015
"138. Genéricamente, las citocinas:",1. Están entre las proteínas de más alto peso molecular.,2. Tienen una vida media en suero muy corta.,3. Actúan a concentraciones muy altas.,4. En cuanto a la expresión del receptor de la IL-2.,2,2015
139. En cuanto a la expresión del receptor de IL-2:,1. Los linfocitos T en reposo expresan la forma de alta afinidad.,2. Los linfocitos T en reposo expresan cadena alfa.,3. Los linfocitos T en reposo expresan el complejo de cadenas bera y gamma común en alta cantidad.,"4. Los linfocitos T activados expresan las cadenas alfa, beta y gamma común.",4,2015
"140. En los linfocitos T, CD28 es:",1. Un receptor coestimulador.,2. Un ligando de CD2.,3. Una molécula accesoria de adhesión celular.,4. Un receptor inhibidor.,1,2015
141. Los linfocitos T H17:,1. Son inducidos por IL-17.,2. Median reacciones alérgicas.,3. Cooperan con los T H1 en la inmunidad celular.,4. Producen TGF-beta de manera importante.,3,2015
"142. Como en el caso de l receptor de los linfocitos B, el receptor antigénico de los linfocitos T:",1. Experimenta cambio isotípico.,2. Experimenta hipermutación somática.,3. Se produce de forma secretada.,4. Consta de dominios C y dominios V.,4,2015
143. En el estadío de  linfocito B inmaduro:,1. Aún no ha habido reordenamientos en la cadena ligera.,2. Se expresa IgM en superficie.,3. Se expresan sustitutos de la cadena ligera.,4. Hay diferenciación en respuesta a los antígenos.,2,2015
144. La mayoría de los linfocitos T reguladores:,1. Son CD8+.,2. Expresan niveles altos de CD25.,3. Expresan niveles altos de IL-7.,4. Suelen expresar cantidades bajas de CTLA4.,2,2015
145. La miastenia grave en un ejemplo de enfermedad causada por:,1. Anticuerpos específicos.,2. Inmunocomplejos.,3. Citocinas.,4. Linfocitos T citotóxicos.,1,2015
"146. Como inmunosupresor, la rapamicina:",1. Inhibe la transcripción de la IL-2.,2. Inhibe la síntesis nueva de nucleótidos con guanina.,3. Bloquea las vías coestimuladoras del linfocito T.,4. Bloquea la proliferación de linfocitos T.,4,2015
"147. En la generación de hibridomas por la metodología convencional, la presencia de aminopterina en el medio de selección tiene por objeto inhibir la síntesis de:",1. Purinas.,2. Citosinas.,3. Anticuerpos.,4. Glutamina.,1,2015
148. Al centrifugar sangre  periférica humana diluida sobre una solución de Ficoll:,1. Se consigue separar los linfocitos B y T.,2. Los monocitos van al fondo.,3. Los linfocitos granulares van al fondo.,4. Los linfocitos y monocitos quedan en un halo entre el suero y el Ficoll.,0,2015
"149. De los siguientes in munoensayos, el de mayor sensibilidad es:",1. Inmunofluerescencia.,2. Inmunoelectroforesis.,3. ELISA con quimioluminiscencia.,4. Nefelometría.,3,2015
150. La prueba de la tuberculina es un ejemplo de ensayo de:,1. La respuesta inmunitaria innata.,2. La respuesta inmunitaria adaptativa.,3. Citotoxicidad.,4. Prueba específica de inmunodeficiencia.,2,2015
"151. Si el perceptil 95 de la talla de los recién nacidos de una determinada población es 45 cm, el:",1. 95% de los recién nacidos mide más de 45 cm.,2. 5% de los recién nacidos mide más de 45 cm.,3. 95% de los recién nacidos mide 45 cm.,4. 5% de los recién nacidos mide menos de 45 cm.,2,2015
"152. Si una muestra presenta un coeficiente de variación (CV) de 0,15 significa que:",1. La desviación típica supone el 15% de la media.,2. La media supone el 25% de la desviación típica.,3. La media supone el 30% de la varianza.,4. La desviación típica supone el 85% de la media.,1,2015
153. Comparando los test de hipótesis unilaterales (1 cola) y bilaterales (2 colas):,1. Los tests bilaterales siempre dan valores de p superiores.,2. Los tests bilaterales siempre dan valores de p menores.,"3. Si un test unilateral es significativo, también lo será el bilateral.",4. Un test bilateral es más sensible que un unilateral.,1,2015
154. Un test que permite comparar dos muestras independientes cuando la variable se distribuye normalmente y las muestras tienen homogeneidad de varianza es:,1. t de Student con n1+n2 grados de libertad.,2. t de Student con (n1+n2)-1 grados de libertad.,3. t de Student con (n1+n2)-2 grados de libertad.,4. Welch.,3,2015
155. El análisis de la varianza (Anova) de una vía:,1. Compara medias de 3 o más muestras independientes.,2. Compara varianzas de 3 o más muestras independientes.,3. Es un test de hipótesis no paramétrico.,4. Utiliza la distribución t de Student.,1,2015
156. Respecto a Paragonimus westermani podemos afirmar que:,1. Miden más de 20 milímetros de longitud.,2. El ovario y los testículos están localizados en un extremo.,3. Se puede establecer el diagnóstico por la presencia de huevos en esputo y heces.,4. Sus huevos son embrionados.,3,2015
157. En la oncocercosis el vector es:,1. Mosca negra (género Simulium).,2. Garrapata.,3. Gasterópodos acuáticos.,4. Piojos.,1,2015
158. En relación con los flagelados se denomina pleomorfo,1. El ciclo vital con un solo tipo morfológico.,2. El ciclo vital en el que ocurren varios tipos morfológicos.,3. Al bastoncillo central de sostén que muestran algunos flagelados.,4. Al cuerpo en forma de óvalo o de bastoncillo que se observa en hemoflagelados.,2,2015
159. Los tremátodos:,1. Son todos monoicos.,2. Los huevos de todos ellos son operculados.,3. En su superficie ventral tienen una o más ventosas musculares.,4. Todos ellos tienen una faringe muscular.,3,2015
160. El vector de la fiebre del valle del Rift es un:,1. Mosquito.,2. Garrapata.,3. Piojo.,4. Pulga.,1,2015
161. NO es producida por la placenta la:,1. Hormona Luteinizante (LH).,2. Gonadotropina coriónica humana (HCG).,3. Progesterona.,4. Somatomamotrofína coriónica.,1,2015
162. ¿Cuál de los siguientes tipos celulares produce testosterona?,1. Células de Sertoli.,2. Células de Leydig.,3. Células mioides.,4. Espermatogonias.,2,2015
163. ¿Dónde se originan las células de la cresta neural?,1. El tubo neural.,2. Los márgenes laterales de la placa neural.,3. Los somitas.,4. El endodermo del  saco vitelino.,2,2015
164. ¿A partir de qué células se origina el esclerotomo?,1. Mesodermo paraaxial.,2. Mesodermo intermedio.,3. Mesodermo lateral.,4. Cordomesodermo.,1,2015
165. ¿Cuál de los siguientes tejidos se introduce a través de la línea primitiva?,1. El sincitiotrofoblasto.,2. El citotrofoblasto.,3. El hipoblasto.,4. El epiblasto.,4,2015
166. Es un gen supresor de tumores:,1. RAS.,2. ABLI.,3. WIT.,4. C-MYC.,0,2015
167. En el análisis de un pedigrí de un rasgo autosómico recesivo:,1. El rasgo aparece más frecuentemente.,2. Las personas afectadas no transmiten el rasgo.,3. Es rasgo tiende a saltar generaciones.,4. El rasgo aparece más frecuentemente en mujeres.,3,2015
168. ¿Qué técnica genética podría utilizar para diagnosticar un síndrome de Miller-Diecker?,1. Citogenética convencional.,2. Hibridación in situ con fluorescencia (FISH) con sonda centromérica.,3. Hibridación in situ con fluorescencia (FISH) con sonda telomérica.,4. Hibridación in situ con fluorescencia (FISH) con sonda locus-específica.,4,2015
169. En una característica del síndrome de PraderWilli:,1. Labio leporino.,2. Retraso mental severo.,3. Risa incontrolada.,4. Obesidad después del año de edad.,4,2015
170. ¿Cuántos cromosomas tendrá un varón con monosomía del cromosoma 7 y nulisomía del cromosoma 8?,1. 43.,2. 45.,3. 44.,4. 42.,1,2015
171. Está bien asociado con su función:,1. ARN ribosómico –procesamiento del pre – ARN mensajero.,2. ARN mensajero – unión a aminoácido.,3. Micro ARN – inhibe la traducción del ARN ribosómico.,4. ARN nucleolar pequeño – procesamiento del ARN ribosómico.,4,2015
172. En eucariotas los intrones del grupo II están presentes en genes:,1. De ARNr.,2. De ARNt.,3. Que codifican proteínas en el núcleo.,4. Que codifican proteínas en las mitocondrias.,4,2015
173. En la edición del ARN intervienen los:,1. ARNs ribosomales guías.,2. ARNs transferentes guías.,3. ARNs mensajeros guías.,4. ARNs ribosomales moldes.,3,2015
174. En un codón de iniciación de la traducción:,1. AUG.,2. UAU.,3. UAG.,4. UGA.,1,2015
175. Es una enfermedad causada por expansión por repetición de trinucleóticos:,1. Síndrome de Noonan.,2. Síndrome de Pearson.,3. Ataxia de Fiedrich.,4. Distrofia muscular de Duchénne.,3,2015
176. La mutación que cambia la secuencia de aminoácidos de la proteínas sin alterar su función se denomina:,1. Neutral.,2. Silenciosa.,3. Supresora intragénica.,4. Supresora intergénica.,1,2015
177. El oncogén C-MYC codifica un:,1. Factor de crecimiento.,2. Factor de transcripción.,3. Receptor de factor de crecimiento.,4. Regulador de ciclo celular.,2,2015
178. La proporción fenotípica dihíbrida en la epistasia simple recesiva es:,1. 9:3:4,2. 12:3:1,3. 9:7,4. 13:3,1,2015
179. Es una enfermedad asociada con defectos en la reparación del ADN:,1. Enfermedad de Tay-Sachs.,2. Acatalasemia.,3. Síndrome de Marfan.,4. Cáncer colorrectal hereditario no polipósico.,4,2015
180. El ARN nucleolar pequeño (ARNsno) está implicado en:,1. El procesamiento del ARNr.,2. La inhibición de la traducción del ARNm.,3. La degradación de otras moléculas de ARN.,4. El procesamiento de los pre-ARNm.,1,2015
181. El mecanismo más f recuente que induce la activación del protooncogen NMYC en el meuroblastoma es:,1. Mutación puntual.,2. Amplificación génica.,3. Deleción.,4. Translocación.,2,2015
182. El locus del gen que codifica la cadena ligera lambda de las inmunoglobulinas es:,1. 14q32.,2. 7q22.,3. 22q11.,4. 2p11.,3,2015
183. La base de datos donde se recoge el catálogo de genes y enfermedades genéticas humanas hereditarias se denomina:,1. Entrez Gene.,2. EMBL.,3. OMIM.,4. INSDC.,3,2015
184. Es una enfermedad con herencia autosómica recesiva:,1. Alcaptonuria.,2. Hipercolesteronemia familiar.,3. Corea de Huntington.,4. Síndrome de Crouzon.,1,2015
185. El gen implicado en la Hemofilia A se localiza en la región cromosómica:,1. Xp28.,2. Xq28,3. 17p12.,4. 18q22.,2,2015
186. Es una enfermedad con herencia dominante ligada al cromosoma X:,1. Distrofia muscular de Duchenne.,2. Enfermedad de Fraby.,3. Fibrosis quística.,4. Hipertricosis.,4,2015
187. Es una enfermedad producida por mutaciones del ADN mitocondrial:,1. Neuropatía óptica hereditaria.,2. Síndrome de Goltz.,3. Síndrome de Hunter.,4. Neurofibromatosis.,1,2015
188. La hemocromatosis primaria es una enfermedad:,1. Mitocondrial.,2. Recesiva ligada al X.,3. Dominante ligada al X.,4. Autosómica recesiva.,4,2015
189. Las mutaciones del gen RAI1 (gen inducido por ácido retinoico) se asocian al síndrome de:,1. Sotos.,2. Marfan.,3. Smith-Magenis.,4. Rett.,3,2015
"190. Para detectar pequeñas deleciones o duplicaciones a nivel genómico, la técnica de elección será:",1. Cariotipo de bandas G.,2. Array CGH.,3. Microarrays de expresión.,4. PCR.,2,2015
"191. La lanzadera de la carnitina al interior de la mitocondria, transporta:",1. Poder reductor.,2. ATP y Pi.,3. Ácidos grasos.,4. Aminoácidos proteicos.,3,2015
192. Es una característica de la piruvato quinasa:,1. Catalizar una reacción reversible.,2. Catalizar una reacción que da lugar a un producto con un solo grupo fosfato.,3. Catalizar una reacción que genera ATP.,4. Participar en la gluconeogénesis.,3,2015
193. El enlace glucosídico en los disacáridos se caracteriza por:,1. Implicar al menos a un carbono anomérico.,2. Tener configuración beta en la maltosa.,3. Ser un enlace N-glucosídico.,4. Presentar carga.,1,2015
194. Caracteriza a los puentes de hidrógeno presentes en la hélice alfa el:,1. Formarse entre cadenas  polipeptídicas adyacentes.,2. Establecerse entre grupo s amino y carbonilo de los enlaces peptídicos.,3. Implicar a grupos cargados positiva y negativamente.,4. Establecerse entre grupos de cadenas laterales.,2,2015
"195. Tienen en común los aminoácidos treonina, tirosina y fenilalanina:",1. Ser aminoácidos apolares.,2. Absorber la luz UV debido a su carácter aromático.,3. Presentar un grupo hidróxilo en su cadena lateral,4. Ser aminoácidos con estructura cíclica.,0,2015
196. Sobre la metilación del DNA es cierto que:,1. Inhibe la transcripción.,2. Puede ser mono- di- o trimetilación.,3. La introducen enzimas denominadas HAT.,4. La eliminan enzimas denominadas HDACs.,1,2015
197. ¿Cuál es el codón de inicio de la traducción y qué aminoácido codifica?,"1. GAU, alanina.","2. UAA, leucina.","3. AUG, metionina.","4. AUU, triptófano.",3,2015
198. Caracteriza a la RNA polimerasa en la transcripción,1. Sintetizar DNA empleando RNA como molde.,2. Iniciar la síntesis del RNA sin necesidad de cebadores.,3. Llevar a cabo la síntesis simultánea de dos cadenas de RNA.,4. Transcribir todo el DNA a RNA.,2,2015
199. La telomerasa es una:,1. Topoisomerasa.,2. Transcriptasa inversa.,3. Helicasa.,4. Exonucleasa.,2,2015
200. Las aminoacil-tRNA sintetasas:,1. Unen el aminoácido al codón.,2. Unen el aminoácido al extremo 3´del tRNA.,3. Unen el aminoácido al brazo del anticodón.,"4. No son específicas, ni para el tRNA ni para el aminoácido.",2,2015
201. Los fragmentos de Okazaki son:,1. El resultado de la proteólisis de la DNA polimerasa.,2. Fragmentos de DNA que se sinsetizan en dirección 3´->5.,3. Fragmentos de RNA que actúan como cebadores.,4. Fragmentos de DNA en la hebra retrasada.,4,2015
202. Los triglicéridos son los lípidos más abundantes en:,1. Quilomicrones.,2. LDL.,3. VHDL.,4. HDL.,1,2015
"203. En relación a la fructosa-2, 6 bifosfato",1. Es un intermedio glicolítico.,2. Es un efector alostérico  de la triacilglicerollipasa.,3. Su concentración regula la velocidad de la glicólisis y de la gluconeogénesis.,4. Es el activador más potente del complejo de la piruvato-deshidrogenasa.,3,2015
204. Es un intermediario en la síntesis de colesterol:,1. Malonil-CoA.,2. 3-Hidroxi-3-metilglutaril-CoA.,3. Propionil-CoA.,4. Butiril-CoA.,2,2015
205. Los enlaces por puente disulfuro de las proteínas:,1. Se rompen fácilmente con urea 8M.,2. Los rompe el tratamiento con betamercaptoetano.,3. Mantienen la estructura primaria de las proteínas globulares.,4. El tratamiento por diálisis provoca su ruptura.,2,2015
206. La luz ultravioleta produce mutaciones principalmente debido a que:,1. Induce desanimación oxidativa de la adenina y de la citosina.,2. Produce la eliminación de una base de la secuencia de bases.,3. Induce la formación de dímeros en secuencias que tengan TT.,4. Genera aumento de los tautómeros menos frecuentes de las bases.,3,2015
207. La actividad peptidil transferasa está localizada en:,1. Nucleótidos del RNA 16S.,2. La subunidad 30S ribosomal.,3. La subunidad 50S ribosomal.,4. Las cadenas laterales de aminoácidos de proteínas de la subunidad grande.,3,2015
208. La holoenzima RNA polimerasa procariótica:,1. No se inhibe por rifampicina.,2. Requiere un cebador para iniciar la transcripción.,3. Participa en el proceso de replicación del DNA.,4. Requiere secuencias específicas para iniciar la transcripción.,4,2015
209. Característicamente los aminoácidos glucogénicos:,1. Pueden producir acetil-coenzima A.,2. Son intermediarios del ciclo de la urea.,3. Podrán contribuir a la síntesis de glucosa.,4. Son el sustrato de r eacciones catalizadas por transaldolasas.,3,2015
210. La ruta de los fosfatos de pentosa produce:,1. NADH y ribosa-5-fosfato.,2. NADOH y ribosa-5-fosfato.,"3. Ribulosa-1,5-fosfato.",4. NADH y Acetil-CoA.,0,2015
211. Los seres humanos NO  pueden sintetizar glucosa a partir de:,1. Glicerol.,2. Alanina.,3. Palmitato.,4. Propinil-CoA.,3,2015
212. En el ciclo de Cori el:,1. Piruvato se convierte en lactato en el hígado.,2. Lactato es fuente de glucosa en el hígado.,3. Lactato se convierte en piruvato en el músculo esquelético.,4. Piruvato es fuente de glucosa en el músculo esquelético.,2,2015
213. Sobre la succinato deshidrogenasa es correcto afirmar:,1. Su producto es el malato.,2. Genera poder reductor en forma de FADH2.,3. Su sustrato es el fumarato.,4. Participa en la gluconeogénesis.,2,2015
214. En la inhibición enzimática,1. Un inhibidor irreversible provoca la desnaturalización del enzima.,2. Los inhibidores acompetitivos se unen al sustrato de la reacción.,3. Un inhibidor competitivo actúa aumentando el valor de Km.,4. Los inhibidores siempre modifican la Vmx.,3,2015
215. De un tejido al que se le añade un desacoplador de la cadena transportadora de electronescabe esperar que:,1. Consuma oxígeno y no produzca ATP.,2. No consuma oxígeno y produzca ATP.,3. Ni consuma oxígeno ni produzca ATP.,4. Incremente la producción de ATP.,1,2015
216. El enlace peptídico:,1. Se mantiene por un puente de hidrógeno entre CO y el NH.,2. Es un enlace de tipo amida.,3. Se rompe cuando la proteína se desnaturaliza.,"4. Es un enlace simple covalente, carece de libertad de giro.",2,2015
217. Es una proteína alostérica:,1. Siempre existe cooperatividad.,2. Los efectores alostéricos compiten por el sitio de la unión al ligando.,"3. Puede haber cooperatividad, si el alosterismo es homotrópico.",4. Todos los sitios de unión de ligandos son equivalentes e independientes.,3,2015
218. Cuando un enzima cataliza una determinada reacción:,"1. El enzima no se modifica, pero pierde su actividad catalítica.",2. Siempre requiere la participación de cofactores.,3. El enzima no se modifica y puede reutilizarse.,4. El enzima se desnaturaliza para facilitar la unión con el sustrato.,3,2015
219. Respecto a la síntesis de ácidos grasos:,1. No requiere bicarbonato.,2. Proporciona NADPH.,3. Los ácidos grasos se transportan al citosol mediante la carnitina.,4. Interviene la proteína portadora de acilo.,4,2015
220. Respecto a la estructura del DNA,1. Contiene el azúcar fructosa.,2. Las bases nitrogenadas se orientan hacia el exterior.,3. Los componentes monoméricos están unidos por enlaces glicosídicos.,4. Está estabilizada por puentes de hidrógeno entre cadenas diferentes.,4,2015
221. ¿Qué caracteriza a la lactato deshidrogenasa en la fermentación láctica?:,1. Tener como sustrato el Acetil-CoA.,2. Liberar CO2.,3. Consumir NADH y producir NAD+.,4. Permitir que continúe la glucolisis en condiciones aerobias.,3,2015
222. La ATP sintasa mitocondrial:,1. Hidroliza ATP cuando los electrones pasan a través de su fracción F0.,2. Presenta un único centro catalítico.,3. Produce ATP empleando la energía de un gradiente de protones.,4. Sintetiza un 10% del ATP del organismo.,3,2015
223. Se sintetiza a partir de ácido araquidónico:,1. Prostaglandinas.,2. Hormonas esteroideas.,3. Hemoglobina.,4. Colesterol.,1,2015
224. Es propio de la acción del glucagón en el hígado la:,1. Activación de la glucógeno fosforilasa.,2. Activación de la glucolisis.,3. Activación de la glucógeno sintasa.,4. Inhibición de la proteína cinasa A.,1,2015
225. La insulina:,1. Inhibe la glucógeno sintasa.,2. Activa la glucógeno sintasa cinasa.,3. Aumenta de los niveles de AMPc.,4. Reduce la entrada de glucosa en la célula.,0,2015
226. La filtración capilar es mayor en el capilar:,1. Sinusoide.,2. Fenestrado.,3. Continuo.,4. De la barrera hematoencefálica.,1,2015
227. Es de secreción exclusivamente serosa la glándula:,1. Parótida.,2. Submaxilar o submandibular.,3. Sublingual.,4. Hígado.,1,2015
228. La replicación inicial del virus varicela-zóster tiene lugar en:,1. El bazo.,2. El hígado.,3. Las vías respiratorias y ganglios linfáticos regionales.,4. Epitelios orales.,3,2015
229. ¿Cuáles de los siguientes patógenos es avirulento si no presenta cápsula?,1. Staphylococcus aureus.,2. Campylobacter coli.,3. Bordetella pertussis.,4. Strepptococcus pneumoniae.,4,2015
230. Los superantígenos bacterianos:,1. Tiene una estructura antigénica polimérica.,2. Son procesados por vía endocítica.,3. Se unen a moléculas HLA-B.,4. Pueden activar una gran diversidad de linfocitos.,4,2015
"231. En una Anova de dos vías, la “p” de la interacción (fármaco x edad) es 0,82. ¿Cómo se interpreta?",1. El efecto del fármaco despende de la edad de los pacientes.,2. El fármaco no es efectivo.,3. El fármaco es más efectivo en jóvenes.,4. El efecto del fármaco no depende de la edad de los pacientes.,4,2015
232. Actúa sobre las células de Sertoli:,1. Testosterona.,2. Hormona luteinizante (LH).,3. Hormona folículo estimulante (FSH).,4. Hormonas liberadoras de FSH/LH.,3,2015
233. El número de genotipo s heterocigóticos distintos en la descendencia de un polihíbrido es:,1. 2n.,2. 4n.,3. 3n-2n.,4. 4n-3n.,3,2015
234. La fibra muscular cardiaca:,1. Se une a otras fibras mediante discos intercalares.,2. Está inervada por el Sistema Nervioso Somático.,3. Presenta triadas bien desarrolladas.,4. Posee de 2 a 3 núcleos en posición central.,1,2015
235. El ion amonio liberado en el músculo se exporta al hígado en forma de:,1. Aminoácidos ramificados.,2. Glutamato.,3. Alanina.,4. Aminoácidos aromáticos.,3,2015
