Año,Num Q,RC,Enunciado
2022,1,1," 1=> Saquinavir y ritonavir son fármacos utilizados  en el tratamiento del SIDA que son además un ejemplo de diseño raciona l basado en la estruc- tura. ¿Cuál de las siguientes afirmaciones des- cribe correctamente a estos compuestos?:   1=> Son peptidomiméticos diseñados para inhibir  la proteasa del VIH y actuar como análogos del estado de transición. 2=> Son análogos de los ácidos nucleicos y actúan  como inhibidores competitivos de la trans- criptasa inversa. 3=> Son peptidomiméticos diseñados para inhibir  la integrasa del VIH y actuar como inhibido- res reversibles. 4=> Son compuestos que contienen en su estructu- ra un sistema de didesoxiribosa, diseñados pa- ra actuar como inhibidores de una proteasa  del VIH.    "
2022,2,3,"2=> Las penicilinas poseen una estructura bicíclica  que contiene una β-lactama fundamental para su actividad antibacteriana. Este sistema bicí- clico:    1=> Confiere una elevada tensión que dificulta su  apertura por las β-lactamasas bacterianas,  confiriéndole así resiste ncia a estas enzimas.  2=> Mimetiza el enlace glicosídico entre N- acetilmurámico y N-acetilglucosamina impi- diendo así la síntesis del peptidoglicano pre- sente en la pared celular bacteriana.  3=> Mimetiza el dímero de D-Ala-D-Ala presente  en el peptidoglicano, inhibiendo irreversible- mente la transpeptidasa.  4=> Puede ser modificado bioisostéricamente,  sustituyendo el nitrógeno por un oxígeno y  dando lugar a una β-lactona química y enzi- máticamente más estable.      "
2022,3,2,"3=> Los β-bloqueantes fueron diseñados para actuar  como antagonistas de los receptores β-1 del corazón. Estructuralmente son ariloxipropano- laminas y su selectividad cardiaca se consigue:    1=> Introduciendo un grupo pequeño (H, metilo)  en el grupo amino.  2=> Introduciendo un grupo moderadamente vo- luminoso (isopropilo) en el grupo amino.  3=> Eliminando el grupo catecol y sustituyéndolo  por un arilo más voluminoso.  4=> Epimerizando el grupo hidroxilo.                                        "
2022,4,1,"4=> El sistema de quinolina forma parte de la es- tructura de muchos fármacos. Su síntesis se puede llevar a cabo mediante el método de  Skraup, que implica hacer reaccionar derivados  de:   1=> Anilina con ácido sulfúrico y glicerina en  presencia de nitrobenceno.  2=> Piridina con malonato de dietilo en medio  básico.  3=> Fenilpropilamina en condiciones de ciclación.  4=> Anilina con propanol en condiciones de susti- tución nucleófila aromática.   "
2022,5,2,5. ¿Cuál de los siguientes antagonistas de los cana- les NMDA del ácido glutámico es además un agente antiviral?:    1=> Ketamina.  2=> Amantadina.  3=> Ganciclovir.   4=> Dextrometorfano. 
2022,6,4,6. ¿Con qué nombre se describen los fármacos que  mantienen la actividad opioide de la morfina y carecen del anillo de epóxido y del anillo C de  esta?:    1=> Morfinanos.  2=> Fenilpiperidinas.  3=> Anilinopiperidinas.   4=> Benzomorfanos.   
2022,7,2,"7. En el diseño de las estatinas, ¿qué fragmento de  la estructura se considera esencial para realizar  la actividad inhibidora del enzima HMG-CoA reductasa?:    1=> El fragmento de decalina.  2=> El fragmento de β-hidroxi-δ-lactona o su co- rrespondiente dihidroxiácido.  3=> El anillo aromático halogenado.   4=> El grupo isopropilo.    "
2022,8,3,"8. ¿Cuál de las siguientes ecuaciones define al  coeficiente de partición (P) de un fármaco, sien- do [fármaco] la concentración de dicho fármaco  en el disolvente indicado?:   1=> P = [fármaco] agua /[fármaco] octanol .  2=> P = Log[fármaco] agua.  3=> P = [fármaco] octanol /[fármaco] agua.  4=> P = Log[fármaco] octanol .      "
2022,9,3,"9. ¿Qué tipo de intermedio reactivo se forma en el  metabolismo oxidativo de los anillos aromáticos y es responsable de su toxicidad?:    1=> Quinona.  2=> 1,2-Diol.  3=> Epóxido.  4=> Radical hidroxilo.   "
2022,10,2," 10. La metodología utilizada para preparar, en un  proceso único y eficiente, una mezcla o colec-ción de compuestos estructuralmente relaciona- dos, se denomina:    1=> Química supramolecular.  2=> Química combinatoria.  3=> Química divergente.  4=> Química sostenible.   "
2022,11,3,11=> ¿Cuál es el papel fundamental del grupo meto- xilo en la posición 4 del anillo de piridina del  omeprazol?:   1=> Aumentar su estabilidad metabólica.  2=> Disminuir su lipofilia para disminuir su ab- sorción.  3=> Aumentar la nucleofilia del nitrógeno piridí- nico para su b ioactivación.  4=> Aumentar su lipofilia para favorecer su ab- sorción.   
2022,12,4,"12=> El atracurio es un bloqueante neuromuscular  análogo sintético de la tubocurarina que se  inactiva rápidamente en la sangre (pH= 7,4) por una reacción de:    1=> Hidrólisis de un grupo carbamato.  2=> Desmetilación de la sal de amonio cuaterna- rio.  3=> Oxidación del heter ociclo nitrogenado.  4=> Eliminación de Hofmann.   "
2022,13,3,"13=> ¿Cuáles de los siguientes fragmentos deben  estar presentes en la estructura de los antago- nistas nicotínicos?:   1=> Dos restos de acetilcolina situados a una de- terminada distancia el uno del otro.  2=> Un átomo de nitrógeno cuaternario, una fun- ción oxigenada, y dos grupos apolares próxi- mos a esta última.  3=> Dos átomos de nitrógeno cargados unidos por  un espaciador, de manera que estén situados a  una distancia determinada el uno del otro.  4=> Un nitrógeno cuaternario y anillos aromáticos  con grupos aceptores de electrones.   "
2022,14,2,14=> ¿Qué consecuencia tien e la introducción de un  grupo etinilo en la posició n 17-α del estradiol?:    1=> Aumenta la selectividad al facilitar la unión al  receptor α y al impedir la interacción con el receptor β.  2=> Prolonga la actividad del fármaco por inhibi- ción de su metabolismo.  3=> Aumenta la unión al receptor al incrementar  la acidez del grupo OH en la posición 17-β.  4=>  Cambia la actividad del fármaco de agonista a  antagonista.            
2022,15,4, 15. ¿Qué parte de la estructura de la eritromicina  es responsable de su ine stabilidad química?:    1=> El fragmento de β-hidroxicarbonilo.  2=> El resto de aminoazúcar.  3=> El grupo lactona.  4=> Los dos fragmentos de γ-hidroxicarbonilo.   
2022,16,1,"16. Las oripavinas son análogos rígidos de la mor- fina. Se obtienen a partir del alcaloide tebaína,  aprovechando la presencia en su estructura de  un sistema de dos dobles enlaces conjugados,  por medio de la sig uiente reacción:     1=> Cicloadición [4+2].  2=> Expansión de anillo.  3=> Cicloadición [3+2].  4=> Contracción de anillo.   "
2022,17,3,"17. En el diseño de fármacos, la sustitución de una  función éster por un grupo carbamato, ¿qué  consecuencia tiene?:   1=> Un aumento de la lipofilia y, por tanto, mejor  absorción.  2=> Una disminución de la vida media.  3=> Un aumento de la estabilidad metabólica.  4=> Un incremento del impedimento estérico.   "
2022,18,3,18. ¿Qué característica estructural es común en los  agentes intercalantes del ADN?:    1=> Una cadena peptídica.  2=> Un anillo de aziridina.  3=> Un sistema plano de anillos aromáticos o  heteroaromáticos.  4=> Un fragmento de β- hidroxicarbonilo.   
2022,19,1,19. ¿Cuál es la respuesta correcta respecto al mi- croorganismo Hafnia alvei ?:    1=> Es una enterobacteria.  2=> Es un bacilo gramnegativo no fermentador.  3=> Es una espiroqueta.  4=> Es una bacteria intracelular. 
2022,20,4,20. ¿Cuál es la respuesta INCORRECTA respecto  al virus de la parotiditis?:   1=> Pertenece a la familia Paramyxoviridae.   2=> El único hospedador es el ser humano.  3=> Puede producir epidídimo-orquitis.  4=> Es un virus ARN monocatenario con simetría  icosaédrica.                              
2022,21,2, 21=> ¿Cuál de las siguientes respuestas es correcta  respecto al virus SARS-CoV-2?:   1=> Es un virus ARN bicatenario de simetría heli- coidal.  2=> Reconoce el receptor humano ACE2 (enzima  convertidora de angiotensina 2).  3=> El gen estructural S es idéntico al del virus  SARS-CoV-1=>  4=> Pertenece a la familia Orthomyxoviridae .   
2022,22,2,22=> ¿Por qué es difícil el aislamiento microbiológico  de Francisella tularensis ?:    1=> Solo crece en anaerobiosis tras una incuba- ción prolongada.  2=> Necesita medios de cultivo enriquecidos con  cisteína y una incubación prolongada .  3=> Necesita medios de cultivo enriquecidos con  carbón vegetal y una incubación prolongada.  4=> Necesita sistemas de cultivo celulares y una  incubación p rolongada.   
2022,23,4,23=> ¿Cuál de las siguientes afirmaciones es INCO- RRECTA respecto al género Bartonella ?:    1=> Son pequeños cocobacilos o bacilos gram- negativos con requerimientos de crecimiento exigentes.  2=> Bartonella bacilliformis  es responsable de la  enfermedad de Carrión.  3=> Bartonella quintana  se transmite de persona a  persona a través de los piojos.  4=> Bartonella henselae  s e  t r a n s m i t e  a  t r a v é s  d e   las moscas de la arena.   
2022,24,4,24=> Señale cuál de las siguientes afirmaciones sobre  Campylobacter jejuni  es INCORRECTA:    1=> Es un bacilo gramnegativo curvo.  2=> Gran parte de las infecciones que produce  están relacionadas con el consumo de pollo.  3=> Para su aislamiento a partir de heces se re- quiere la incubación con atmósfera de micro- aerofilia.  4=> Es resistente a los macrólidos.    
2022,25,1,25. ¿Cuál de los siguientes microorganismos es  grampositivo?:    1=> Listeria monocytogenes.  2=>  Bordetella pertussis.   3=> Francisella tularensis.  4=> Helicobacter pylori.                               
2022,26,3, 26. Señale la respuesta correcta sobre el género  Mycobacterium :    1=> Mycobacterium chelonae  es una micobacteria  de crecimiento lento.  2=> Mycobacterium kansasii  es una micobacteria  no cromógena.  3=> Mycobacterium tuberculosis  da positiva la  prueba de niacina.  4=> Mycobacterium bovis  es sensible a pirazi- namida.   
2022,27,2,27. Las micosis sistémica s endémicas son aquellas  causadas por:    1=> Dermatofitos.  2=> Hongos dimórficos.  3=> Mucorales.  4=> Hongos hialinos.   
2022,28,1,28. Señale cuál de los siguientes microorganismos  presenta resistencia int rínseca de bajo nivel a  vancomicina:    1=> Enterococcus casseliflavus.  2=> Abiotrophia defectiva.  3=> Streptococcus gallolyticus.  4=> Gemella haemolysans.   
2022,29,3,"29. En el cultivo de un aspirado bronquial, tras 24  horas de incubación a 37 ºC, se observa creci- miento en agar MacConkey. Las colonias son  oxidasa positiva y presentan pigmento verde. ¿Cuál sería la identificación presuntiva?:    1=> Staphylococcus aureus .  2=> Escherichia coli .  3=> Pseudomonas aeruginosa .  4=>  Acinetobacter baumannii .   "
2022,30,2,30. ¿Qué microorganismo es el principal agente  causal de infección de tracto urinario en pobla-ción general?:    1=> Staphylococcus saprophyticus .  2=> Escherichia coli .  3=> Pseudomonas aeruginosa .  4=> Proteus mirabilis .   
2022,31,3,31=> ¿Cuál de los siguientes fármacos NO se utiliza  en el tratamiento de la tuberculosis?:    1=> Amikacina.  2=> Bedaquilina.  3=> Vancomicina.  4=> Isoniazida.                       
2022,32,1, 32=> Señale la relación INCORRECTA entre anti- biótico y mecanismo de acción:   1=> Ciprofloxacino – inhibición de la síntesis de  la pared bacteriana.  2=> Colistina – acción sobre el lipopolisacárido de  la membrana bacteriana.  3=> Vancomicina – bloqueo de la transglucosila- ción en la síntesis d el peptidoglicano.  4=> Gentamicina – alteración de la síntesis protei- ca.   
2022,33,4,33=> ¿Cuál de los siguientes antibióticos NO es activo  frente a bacterias grampositivas?:    1=> Daptomicina.  2=> Linezolid.  3=> Dalbavancina.  4=> Colistina.   
2022,34,3,34=> En la tinción de Gram de un exudado uretral se  observan diplococos gramnegativos intracelula-res y un predominio de leucocitos polimorfonu- cleares. ¿Qué microorganismo cuenta con un  alto grado de sospecha?:    1=> Mycoplasma genitalium .  2=> Chlamydia trachomatis .  3=> Neisseria gonorrhoeae .  4=> Haemophilus ducreyi .   
2022,35,1,35. ¿Cuál de los siguientes antibióticos sería ade- cuado para tratar una infección causada por Klebsiella pneumoniae  productora de β- lactamasa de espectro  extendido (BLEE)?:    1=> Ertapenem.  2=> Amoxicilina.  3=> Cefotaxima.  4=> Aztreonam.   
2022,36,4,36. ¿Cuál de las siguientes NO es una forma de  tularemia?:    1=> Enfermedad pulmonar.  2=> Enfermedad ulceroglandular.  3=> Enfermedad oculoganglionar.  4=> Enfermedad de Brill-Zinsser.   
2022,37,1,37. ¿Cuál de los siguientes microorganismos es un  patógeno humano estricto?:    1=> Shigella dysenteriae.  2=> Yersinia pestis .  3=> Campylobacter jejuni .  4=> Francisella tularensis .   
2022,38,1,38. ¿Qué parásito se distribuye mayoritariamente  en Estados Unidos?:   1=> Babesia microti .  2=> Clonorchis sinensis.   3=> Diphyllobothrium latum .  4=>  Acanthotrema felis
2022,39,4," 39. ¿Qué afirmación es cierta en relación al ciclo  biológico de Trichuris trichura ?:    1=> Los huevos embrionados se excretan en las  heces.   2=> Después de la ingesta, los huevos eclosionan  en el intestino grueso.  3=> Las larvas maduran en adultos y se establecen  en el intestino delgado.  4=> Los gusanos adultos viven en el ciego.    "
2022,40,2,"40. Una niña de 5 años natural de Ecuador presen- ta epigastralgias, falta de apetito, y déficit de desarrollo corporal. En el examen parasitológi- co de las heces se observa la presencia de un  huevo ovalado de 45 x 38 µm, que contiene un embrión hexacanto y 4 filamentos polares entre  las dos membranas. ¿A qué parásito correspon- de la descripción?:   1=> Taenia saginata.  2=> Hymenolepis nana .  3=> Hymenolepis diminuta .  4=> Dipylidium caninum .   "
2022,41,1,"41=> El planteamiento matemático de Arrhenius  d e n t r o  d e l  c a m p o  d e l  d e s a r r o l l o  f a r m a c é u t i c o   sirve para estimar:   1=> La velocidad de degradación de un fármaco a  diferentes temperaturas a partir de la tempera- tura cinética media.  2=> La solubilidad real de un fármaco a partir de  su solubilidad ideal, según los valores de en- talpía de disolución.  3=> La velocidad de disolución de un fármaco a  diferentes temperaturas, según los valores de  entalpía de fusión.  4=> La solubilidad de un fármaco a diferentes  temperaturas según los valores de entalpía de  fusión.   "
2022,42,2,"42=> ¿Para qué sirve el test de activación de monoci- tos (MAT)?:    1=> Detección y cuantificación de bacterias gram- negativas en preparados de administración pa- renteral.  2=> Detección, in vitro , de pirógenos en prepara- dos de administración parenteral.   3=> Detección, in vivo , de pirógenos en prepara- dos de administración parenteral.   4=> Detección de monocitos en preparados de  administración parenteral.                              "
2022,43,4," 43=> ¿Mediante qué procedimientos se puede obte- ner agua para preparaciones inyectables de acuerdo con la normativa europea?:    1=> Solamente puede obtenerse mediante destila- ción a partir de agua purificada, apta para ela- boración de medicamentos.  2=> Solamente puede obtenerse mediante retro- ósmosis con electro-desionización, a partir de  agua purificada, apta para elaboración de me- dicamentos.  3=> Puede obtenerse mediante esterilización por  calor a partir de agua potable, apta para con-sumo humano, y posterior envasado estéril.  4=> Puede obtenerse mediante destilación o me- diante un proceso equivalente como la retro-ósmosis con electro-desionización.   "
2022,44,1,44=> ¿Cuál de los siguientes parámetros expresa la  fluidez de un material pulverulento según la  relación entre las densidades apelmazada y  aparente?:   1=> El índice de Hausner.  2=> El parámetro de dens ificación de Ostwald.  3=> El índice de densificación de Heckel.  4=> El índice de porosidad.   
2022,45,4,"45. ¿Qué finalidad tienen los sistemas de vectoriza- ción activa de fármacos?:    1=> Modular la velocidad de liberación del fárma- co basándose en el cambio de pH o entorno enzimático, como por ejemplo un comprimi- do con recubrimiento entérico.  2=> Dirigir la liberación del fármaco en un lugar  determinado basándose en técnicas que in- crementan el tiempo de residencia de la for- mulación mediante procedimientos de estabi-lización como la pegilación.  3=> Dirigir la liberación del fármaco en un órgano  determinado basándose en técnicas de micro o nano encapsulación.  4=> Dirigir la liberación del fármaco en un lugar  determinado basándose en la unión a ligandos específicos.   "
2022,46,2,"46. ¿Deben ser estériles las preparaciones líquidas  para inhalación no presurizadas?:    1=> Solamente en aquellas destinadas a uso qui- rúrgico o heridas abiertas.  2=> Solo en preparaciones presentadas en disposi- tivos unidosis, los cuales están exentos de  conservantes, o en multidosis que no conten- gan conservante.  3=> No es necesario en ningún caso, ya que estos  preparados deben incluir conservantes en su  composición salvo que posean propiedades antimicrobianas propias.  4=> Sí. Es un requisito indispensable de farmaco- pea para este tipo de formulaciones, salvo que la formulación presente  propiedades antimi- crobianas"
2022,47,1,  47. El mecanismo de pulverización por roce o fric- ción da lugar a partículas con una forma más próxima a la siguiente:    1=> Esférica.   2=> Acicular.  3=> Elipsoide.  4=> Dentrítica.   
2022,48,4,48. La presión de pulso es una medida de:    1=> La suma de las presiones diastólica y sistóli- ca.   2=> El número de latidos cardiacos por minuto.  3=> La diferencia entre las presiones arterial y  venosa.   4=> La diferencia entre las presiones sistólica y  diastólica. 
2022,49,2,"49. Los factores que det erminan la presión de un  gas disuelto en un líquido, como, por ejemplo, el  aire alveolar y la sangre, se relacionan mediante una de las siguientes leyes:    1=> Ley de Ohm.   2=> Ley de Henry.   3=> Ley de Fick.   4=> Ley de Laplace.   "
2022,50,2,"50. Según la clasificación de sensibilidad de las  fibras nerviosas, las del grupo Ib son:    1=> Fibras procedentes de las terminaciones anu- loespirales de los husos musculares.  2=> Fibras procedentes de los órganos tendinosos  de Golgi.  3=> Fibras procedentes de los órganos táctiles de  la piel y de las terminaciones en ramillete.  4=> Fibras que conducen la temperatura, el tacto  grueso y las sensaciones  de dolor y escozor.   "
2022,51,1,"51=> ¿Cómo se denomina la hendidura o depresión  del riñón a través del cual pasan la arteria y  venas renales, los vasos linfáticos, la inervación  y el uréter?:   1=> Hilio renal.   2=> Pirámide renal.   3=> Pelvis renal.  4=> Columna renal.   "
2022,52,2,"52=> Los receptores de estiramiento del arco aórtico  y del seno carotídeo:   1=> Sirven como barorreceptores que estimulan la  secreción de péptido na triurético auricular.  2=> Sirven como barorreceptores que afectan la  actividad del centro de control vasomotor y  cardiaco del bulbo raquídeo.  3=> Sirven como osmorreceptores que estimulan  la liberación de ADH.  4=> Sirven como barorreceptores que estimulan la  secreción de renina, aumentando la formación   "
2022,53,1," 53=> ¿Cuál de los siguientes fenómenos está asociado  a un desplazamiento hacia la derecha de la curva de disociación de oxígeno-hemoglobina?:    1=> Disminución del pH.  2=> Disminución de 2,3-difosfoglicerato.  3=> Disminución de CO 2  4=> Disminución de la temperatura.   "
2022,54,3,54=> ¿En cuál de las siguientes células se produce la  secreción de gastrina?:    1=> Células S del duodeno.  2=> Células I del duodeno y del yeyuno.  3=> Células G del antro.  4=> Células K del duodeno y del yeyuno.   
2022,55,4,55. ¿Cuál de las siguientes sustancias produce un  aumento de la filtra ción glomerular?:    1=> Noradrenalina.  2=> Adrenalina.  3=> Endotelina.  4=> Prostaglandina E2=>   
2022,56,1,56 .  E l  e p i te l i o q u e  s e  ob s e r v a e n  e l  e s óf a g o d e  B a- rret es:    1=> Columnar simple.  2=> Escamoso estratificado.  3=> Columnar estratificado.  4=> Escamoso simple.   
2022,57,2,57. El conducto toráci co drena la linfa en:    1=> La vena yuxtaglome rular derecha.  2=> La vena subclavia izquierda.  3=> La arteria subaracnoidea.  4=> La arteria linfática prefrontal.   
2022,58,1,58. Los órganos accesorio s de reproducción mascu- linos derivan de:   1=> Los conductos wolffianos (mesofrénicos).  2=> Los conductos mullerianos (paramesofréni- cos).  3=> Los conductos seminíferos (paramesentéri- cos).  4=> Los conductos antimullerianos (paramesofré- nicos).   
2022,59,2,59. La síntesis y liberaci ón de aldosterona ocurren:    1=> En la zona glomerular suprarrenal y están  reguladas por la angiotensina I.  2=> En la zona glomerular suprarrenal y están  reguladas por la angiotensina II.  3=> En la zona fasciculada suprarrenal y están  reguladas por la angiotensina II.  4=> En la zona fasciculada suprarrenal y están  reguladas por la angiotensina I.        
2022,60,2," 60. ¿Cuál es el orden correcto de maduración de la  línea mieloide?:   1=> Promielocito, metamielocito, mielocito, caya- do.  2=> Promielocito, mielocito, metamielocito, caya- do.  3=> Mielocito, promielocito, metamielocito, ca- yado.  4=> Metamielocito, promielocito, mielocito, ca- yado.   "
2022,61,3,"61=> ¿Qué entidad hematológica cursa con una cifra  elevada de hematíes, hemoglobina en rango  normal o muy próximo a este, y un volumen  corpuscular medio  (VCM) bajo?:    1=> Drepanocitosis.   2=> Policitemia vera.  3=> Talasemia menor.  4=> Anemia ferropénica. "
2022,62,3,62=> La presencia en sangre periférica de una cifra  anormalmente elevada de linfocitos pequeños  con cromatina en “caparazón de tortuga” o “grumelée ” es típica de la siguiente neoplasia  linfoide:    1=> Linfoma-leucemia de Burkitt.  2=> Linfoma del manto.  3=> Leucemia linfática crónica.  4=> Leucemia prolinfocítica B.   
2022,63,4,"63=> Los hematíes que presentan formas irregulares,  con espículas alargadas repartidas de forma  asimétrica por la superficie, y que aparecen en pacientes con hepatopatí a grave se denominan:     1=> Equinocitos.  2=> Drepanocitos.  3=> Esquistocitos.  4=> Acantocitos.                                                                        "
2022,64,2," 64=> Señale la respuesta correcta respecto al impacto  de las interferencias preanalíticas en los resul-tados de las pruebas de coagulación:    1=> Cuando existe hemoglobina libre después de  la centrifugación se altera la línea de base de- tectada por el analizador, debido a la dismi- nución de absorbancia de la misma a las lon-gitudes de onda usadas en los métodos coagu- lométricos.  2=> La liberación de moléculas citoplasmáticas y  de moléculas de membrana pueden activar la  coagulación y las plaquetas, generando un sesgo en los resultados del análisis por activa- ción temprana de la coagulación o por con- sumo de factores  de coagulación.  3=> La hemólisis de la muestra raramente se debe  a problemas en la to ma de muestras.   4=> Aunque la interferencia por hiperbilirrubi- nemia se debe a un solapamiento espectral, en  el caso de la hipertrigliceridemia la turbidez  de la muestra no afecta a la dispersión de la luz.   "
2022,65,3,65. Señale la afirmación cierta para la tricoleuce- mia o leucemia de células peludas clásica:    1=> Es una neoplasia de linfocitos T.  2=> Es frecuente en niños.  3=> Cursa con monocitopenia .  4=> Las células presentan un citoplasma altamente  basófilo.   
2022,66,1,66. ¿En cuál de las siguientes entidades hematológi- cas encontraremos ma crotrombocitos?:    1=> Trombocitopenia asociada al gen MYH9.  2=> Anemia megaloblástica.  3=> Anemia aplásica.  4=> Leucemia linfoide crónica.   
2022,67,1,"67. Un bloqueo cardiaco de primer grado se carac- teriza porque:    1=> El intervalo PR del electrocardiograma está  alargado.  2=> Resulta esencial tratarlo con verapamilo, el  antiarrítmico de elección en estos casos.  3=> La onda T del electrocardiograma está inver- tida.  4=> La onda P del electrocardiograma solamente  en ocasiones va seguida de un complejo  QRS.                                   "
2022,68,4," 68. Señale la afirmación correcta en relación con la  degeneración macular asociada a la edad (DMAE) de tipo exudativo o húmeda:     1=> La única alternativa disponible para tratarla es  el uso de vitaminas C, E y zinc para retrasar  su aparición.  2=> Se inicia por acumulación de depósitos extra- celulares denominados drusas.  3=> Es una enfermedad típica de personas jóve- nes, entre 20 y 30 años.  4=> Los factores de crecimiento vascular endote- lial (VEGF) tienen un papel central en su desarrollo.   "
2022,69,1,"69. ¿Cuál de las siguientes afirmaciones es correcta  en relación a los diferen tes tipos de shock?:     1=> En un shock séptico refractario, emplear va- sopresina por su acción agonista del receptor  V1 podría resultar una opción adecuada.  2=> Tras una hemorragia masiva, lo más probable  es encontrarnos ante un shock distributivo.  3=> La noradrenalina se utiliza frecuentemente en  los estados de shock para aumentar la fre-cuencia cardíaca.  4=> En un shock cardiogénico no hay manifesta- ciones de isquemia tisular, como es el aumen-to de lactato en sangre, a diferencia del resto  de subtipos.   "
2022,70,3,"70. AG es una mujer de 82 años, con antecedentes  de hipertensión arterial mal controlada a pesar de recibir tratamiento con ramipril 5 mg cada  24 horas, diabetes mellitus tipo 2 insulinode- pendiente en seguimiento por endocrinología, y reciente diagnóstico de fibrilación auricular  apenas sintomática. ¿Qué actitud sería la más  adecuada ante e ste diagnóstico reciente?:    1=> Realizar un control de ritmo con fármacos  que ralenticen el paso del impulso cardiaco de las aurículas a los ventrículos y un control de  la frecuencia con fármacos que intenten re- vertir el ritmo a un ritmo sinusal.  2=> Dada la edad de la paciente, la actitud más  recomendada sería una estrategia conservado- ra donde no se usen fármacos, priorizando el control del estrés y la modificación del estilo  de vida, para mejorar los factores desencade- nantes de la fibrilación auricular.  3=> La paciente aparentemente cumple criterios  para iniciar tratamiento anticoagulante como una de las primeras actitudes a tomar.  4=> Es esencial observar el tamaño de las ondas P  del electrocardiograma antes de decidir qué hacer.                    "
2022,71,4," 71=> Acerca del accidente isquémico transitorio  (AIT) es cierto que:   1=> Se trata de una lesión isquémica de menos de  24 horas de evolución, detectada radiológi-camente (en TC o RMN), sin manifestaciones  clínicas, por lo que suele pasar inadvertida  para los pacientes.  2=> Cuando se diagnostica, es necesario comenzar  una triple terapia antiagregante plaquetaria,  ya que esta ha demostrado reducir el riesgo de  desarrollo posterior de ictus.  3=> El factor de riesgo más influyente para desa- rrollarlo es presentar valores de LDL por en- cima de los valores de referencia de forma  sostenida.  4=> Puede aparecer amaurosis  fugax , que consiste  en la pérdida trans itoria de la visión.   "
2022,72,2,72=> ¿Cuál de los siguientes trastornos tiene un ori- gen hereditario autosómico dominante?:    1=> Distrofia muscular de Duchenne.  2=> Hipertermia maligna.  3=> Miastenia gravis.  4=> Botulismo.   
2022,73,3,"73=> Con respecto a la forma ción de cálculos renales:   1=> El 80% de los cálculos encontrados están  compuestos por ácido úrico.  2=> Habitualmente la aparición de cálculos de  oxalato cálcico se acompaña de niveles altos de citrato en orina.  3=> Los cálculos de fosfato amónico y magnésico  son típicos de personas con orina alcalina de-bido a ciertas infecciones del tracto urinario.  4=> Previo al inicio del tratamiento de una leuce- mia, es importante acidificar la orina para prevenir la formación de cálculos de ácido  úrico.   "
2022,74,3,74=> La fibrosis pulmonar idiopática:    1=> Es una enfermedad pulmonar obstructiva.  2=> Se diagnostica en la mayoría de los pacientes  en la infancia.  3=> En la actualidad carece de un tratamiento  farmacológico curativo.  4=> Puede manifestarse como consecuencia de la  utilización de fármacos an tagonistas de PD-1=>                                          
2022,75,3," 75. En cuanto a las enfer medades relacionadas con  la mielina, indique e l enunciado correcto:    1=> Los anticuerpos anti-acuaporina 4 (AQP4)  son patognomónicos de la esclerosis múltiple.  2=> Una hiponatremia debe corregirse rápidamen- te, ya que subidas menores a 8 mmoles/L de  sodio diarios pueden conducir a un síndrome de desmielinización osmótica.  3=> El bloqueo de la vía del complemento o de la  señalización de la interleucina 6 son estrate- gias útiles para tratar la  neuromielitis óptica.  4=> Actualmente existen disponibles más fárma- cos para tratar las formas de esclerosis múlti- ple progresiva primaria que las formas remi- tentes-recurrentes.   "
2022,76,2,"76. ¿Cuál de las siguientes interleucinas (IL) se  asocia con la patogenia del asma y, por tanto, es una diana terapéutica e n su tratamiento?:    1=> IL-1=>  2=> IL-5.  3=> IL-6.  4=> IL-17.   "
2022,77,2,"77. BT es una paciente mayor que presenta diabe- tes mellitus tipo 2 en tratamiento con metfor-mina y dapagliflozina, pero no es muy adheren- te. ¿Cuál de las siguientes complicaciones NO  esperaríamos encontrar en ella?:    1=> Otitis externa maligna que curse con otalgia y  otorrea.  2=> Estado de hiperosmolaridad plasmática, aci- dosis metabólica y elevación de cuerpos cetó-nicos.  3=> Polineuropatía distal simétrica.  4=> Edema macular con reducción de la agudeza  visual.   "
2022,78,3,"78. Acerca de las hemorragias digestivas, señale la  afirmación correcta:    1=> Es esperable un descenso de la frecuencia  cardiaca, una disminución de la presión arte- rial, y un descenso de la hemoglobina.  2=> La hematemesis es típica de hemorragias  digestivas de tubo alto y las melenas de las  hemorragias de tubo digestivo bajo.  3=> La hematoquecia puede tener lugar tanto en  hemorragias de tubo digestivo alto como en  hemorragias de tubo digestivo bajo, si bien es más frecuente en las segundas.  4=> La elevación de nitrógeno ureico en sangre es  característica de hemorragias de colon debido a la absorción de las proteínas plasmáticas  procedentes del sangrado.                   "
2022,79,4," 79. MS es una mujer de 28 años que acude a con- sulta con múltiples úlcer as en la boca, fatiga  importante, eritema facial, y dolor articular. Se  sospecha entonces de un Lupus Eritematoso  Sistémico (LES). ¿Cuál de los siguientes enfo-ques es correcto?:    1=> Si en una analítica los anticuerpos antipéptido  citrulinado salieran positivos, la sospecha de  LES se afianzaría.  2=> El uso de anticuerpos anti-interleucina 2 en  estos pacientes mejora  la sintomatología.  3=> El síndrome de Behçet es una forma específi- ca de LES con afectación fundamentalmente  renal.  4=> Una característica esperable en esta paciente  sería la detección de niveles bajos de factores  del complemento.   "
2022,80,4,80. no me importa de fármaco y mecanismo de acción es INCO- RRECTA?:   1=> Trazodona - Antagonist a del receptor 5-HT 2  2=> Venlafaxina - Inhibido r de la recaptación de  serotonina y noradrenalina (IRSN).  3=> Escitalopram - Inhibidor selectivo de la re- captación de serotonina (ISRS).  4=> Bupropión - Inhibidor de la monoaminooxi- dasa (IMAO).   
2022,81,1,81=> ¿Cuál de los siguientes fármacos para el trata- miento de la esclerosis múltiple puede producir rubor facial al inicio  del tratamiento?:    1=> Dimetilfumarato.  2=> Teriflunomida.  3=> Natalizumab.  4=> Alemtuzumab.   
2022,82,2,82=> Pramipexol se utiliza para el tratamiento de:    1=> Miastenia gravis.  2=> Enfermedad de Parkinson.  3=> Esclerosis múltiple.  4=> Enfermedad de Alzheimer.   
2022,83,1,"83=> ¿Cuál de los siguientes fármacos se utiliza como  hipnótico, por sus propiedades sedantes y bajo  riesgo de dependencia, en las personas de edad  avanzada?:    1=> Trazodona.  2=> Diazepam.  3=> Bupropión.  4=> Duloxetina.   "
2022,84,3,84=> ¿Cuál de los siguientes anticuerpos monoclona- les se utiliza para la pr ofilaxis de la migraña?:    1=> Belimumab.  2=> Vedolizumab.  3=> Galcanezumab.  4=> Evolocumab
2022,85,2, 85. ¿Cuál de las siguientes afirmaciones es correcta  con relación al tratamiento de la enfermedad pulmonar obstructiv a crónica (EPOC)?:     1=> El efecto secundario más frecuente de los  agonistas muscarínicos anticolinérgicos es la  sequedad bucal.  2=> La utilización prolongada de corticoides inha- lados se ha asociado con candidiasis orofarín- gea y pérdida de densidad ósea.  3=> Se recomienda el uso continuado de corticoi- des orales debido a su buen perfil de seguri- dad.  4=> El papel principal de los corticoides inhalados  es emplearse como tratamiento agudo de las  exacerbaciones.   
2022,86,2,"86. Se presenta el caso de un paciente con enferme- dad renal crónica en diá lisis peritoneal y trata- miento con agentes estimulantes de la eritropo- yesis. ¿Cuál de las siguientes afirmaciones es  correcta?:     1=> No es importante conocer las reservas férricas  en médula ósea para asegurar una respuesta adecuada al tratamien to con agentes estimu- lantes de la eritropoyesis, ya que estos fun- cionan independientemente de la cantidad de hierro del organismo.  2=> La diálisis peritoneal se acompaña de diversas  complicaciones metabólicas como la hipopro- teinemia.  3=> Una de las complicaciones frecuentes de la  diálisis es la hipoglucemia.  4=> Cuando utilizamos agentes estimulantes de la  eritropoyesis, buscamos conseguir subidas muy rápidas de hemoglobina, por encima de  los 3 g/dL al mes.   "
2022,87,2,87. ¿Cuál de las siguientes vacunas se formula con  agentes atenuados?:    1=> Vacuna de la hepatitis B.  2=> Vacuna de la f iebre amarilla.  3=> Vacuna de la rabia.  4=> Vacuna del papilomavirus.   
2022,88,1,88. ¿Cuál de las siguientes afirmaciones referidas al  manejo del estreñimiento es FALSA?:    1=> Los preparados de fosfato de sodio son el  tratamiento de elección en pacientes de edad  avanzada o con ins uficiencia renal.  2=> Naloxegol está indicado para el tratamiento  del estreñimiento inducido por opioides.  3=> Los laxantes formadores del bolo pueden  provocar distensión abdominal y meteorismo.  4=> El uso a largo plazo de laxantes lubricantes y  emolientes puede provocar una malabsorción de vitaminas liposolubles.           
2022,89,4," 89. Algunos fármacos se caracterizan por tener la  capacidad de producir efectos adversos antico-linérgicos, especialmente en pacientes de edad  avanzada. ¿Cuál de los siguientes grupos de  fármacos NO presenta una elevada potencia anticolinérgica?:    1=> Antidepresivos tricíc licos (amitriptilina).  2=> Antihistamínicos de 1ª generación (doxilami- na).  3=> Antiespasmódicos urinarios (tolterodina).  4=> Antimigrañosos (sumatriptán).   "
2022,90,3,"90. Se presenta un pacien te con adenocarcinoma de  pulmón en estadio IV, con metástasis óseas y  hepáticas. En el estudio de biomarcadores de una muestra del pulmón biopsiada se obtiene el  siguiente resultado: EGFR mutado (Ex19Del),  HER2 negativo, BRAF na tivo, reordenamiento  A L K  n e g a t i v o ,  f u s i ó n  R O S  1  n e g a t i v a ,  P D L - 1   negativo, ¿cuál sería el  tratamiento  adecuado?:    1=> Lapatinib.  2=> Crizotinib.  3=> Osimertinib.  4=> Dabrafenib.   "
2022,91,1,"91=> Paciente con SIDA en tratamiento con daruna- vir/cobicistat que ingresa en el hospital. Nos  realizan una consulta sobre el hipnóti- co/ansiolítico adecuado para tratar el insomnio  que padece acompañado de ansiedad, entre los  disponibles en el hospital. ¿Cuál es la respuesta correcta?:    1=> Lorazepam.  2=> Midazolam.  3=> Diazepam.  4=> Triazolam.   "
2022,92,1,92=> ¿Cuál de las siguientes afirmaciones es correcta  con relación al trata miento del cáncer?:     1=> Los efectos inmunomediados graves  producidos por la inmunoterapia pueden tratarse con corticoides.  2=> La hipotensión es un efecto adverso muy  frecuente de bevacizumab y de otros medicamentos antiangiogénicos.  3=> Rituximab es un anticuerpo monoclonal  dirigido al antígeno CD33=>  4=> Los inmunoterápicos con diferentes blancos  (PD-1 y CTLA-4) no deben combinarse en el tratamiento del cáncer.                                
2022,93,2, 93=> Señale la asociación correcta en relación con la  infección por el virus de la inmunodeficiencia humana (VIH):    1=> Candidiasis esofágica – Etapa 1 de la infec- ción VIH (CDC).  2=> Combinaciones con tenofovir disoproxilo –  Osteomalacia.  3=> Combinaciones con enfa vurtida – Tratamien- to de infección por VIH-2=>  4=> ARN de VIH en <50 copias/mL – Alto riesgo  de enfermedades oportunistas.   
2022,94,3,"94=> ¿Cuál de las siguientes respuestas es correcta  con respecto al síndrome de hipersensibilidad al  alopurinol (AHS)?:   1=> Los síntomas ocurren después de 3-5 días del  inicio del tratamiento.  2=> La disfunción hepática favorece su desenca- denamiento.  3=> La prevalencia es mayor en pacientes de as- cendencia coreana o tailandesa frente a pa- cientes caucásicos.  4=> Es bastante frecuente y benigno, por lo gene- ral se resuelve disminuyendo la dosis de  alopurinol"
2022,95,2,"95. Indique la respuesta INCORRECTA sobre los  preparados de insulina de acción prolongada:    1=> La afinidad de la insulina detemir es 4-5 ve- ces menor que la de la insulina soluble por lo  que se formula a una concentración mayor.  2=> La insulina glargina se formula a un pH bási- co para mantener la solubilidad.  3=> En la insulina degludec, los monómeros se  liberan constantemente en la circulación sis- témica y su duración de acción es mayor de  42 h.  4=> En la insulina NPH la dosis regula el perfil de  acción; las dosis pequeñas tienen picos más  bajos, más tempranos, y una acción de corta duración.   "
2022,96,3,96. ¿Cuál de las siguientes afirmaciones sobre re- paglinida es correcta?:    1=> Presenta un inicio de acción lento con una  concentración máxima y efecto máximo de al- rededor de 3 h después de la ingestión.  2=> No hay riesgo de hipoglucemia si una vez que  se toma el medicamento la comida se retrasa  o se omite.   3=> Se puede usar en pacientes con insuficiencia  renal y de edad avanzada.  4=> Contiene azufre en su estructura por lo que no  puede emplearse en diabéticos tipo 2 con  alergia a las sulfonilureas.                    
2022,97,1," 97. En relación con los receptores acoplados a pro- teínas G (RAPG), señal e la opción correcta:    1=> Las β-arrestinas forman complejos con los  RAPG fosforilados.   2=> El complejo RAPG-agonista interactúa direc- tamente con clatrina antes de internalizarse.  3=> Los RAPG ocupados por un agonista se unen  a las proteínas G solamente cuando han sido  fosforilados previamente por las cinasas de  receptores acoplados a proteínas G (GRK).  4=> Los complejos β-arrestina-RAPG son siste- máticamente degradados.   "
2022,98,4,"98. En relación con los fármacos que se comportan  como antagonistas competitivos, señale la op-ción correcta:    1=> En su presencia, disminuye la concentración  eficaz 50 (CE 50) de los agonistas puros del  mismo receptor.  2=> En su presencia, disminuye el efecto máximo  de los agonistas puros del mismo receptor.  3=> Disminuyen la eficacia, pero no la potencia,  de los agonistas puros del mismo receptor.  4=> Disminuyen la potencia, pero no la eficacia,  de los agonistas puros del mismo receptor.   "
2022,99,4,"99. En relación con anakinra, señale la opción co- rrecta:    1=> Es una proteína de fusión compuesta por el  receptor p75 del factor de necrosis tumoral (TNF) y la porción Fc de la IgG1 humana.  2=> Inhibe la unión de CD80 al receptor CD28 en  los linfocitos T.  3=> Es un receptor de factor de necrosis tumoral  recombinante que inhibe la unión de TNFα a  su receptor.  4=> Es un receptor de interleucina 1 (IL-1) re- combinante que inhibe la unión de la IL-1α a  su receptor.   "
2022,100,2,100. Señalar la opción co rrecta en relación con el  tramadol:   1=> Es un opioide desprovisto de riesgo de tole- rancia y dependencia.  2=> Su acción agonista opioide se debe funda- mentalmente a uno de sus metabolitos.  3=> Es tan eficaz como la morfina para el trata- miento del dolor severo.  4=> Se utiliza preferentemente como antitusivo.                                  
2022,101,2, 101=> La Kd (constante de disociación) de un fárma- co:   1=> Coincide con la CE 50 (concentración eficaz  50) de dicho fármaco.  2=> Se corresponde con la concentración de fár- maco que ocupa la mitad de los receptores  existentes en el sistema en estudio.  3=> Es independiente de la afinidad del fármaco  por su receptor.  4=> Depende de la eficacia del fármaco.   
2022,102,2,"102=> Señale la respuesta correcta sobre los fármacos  del grupo de los tioureilenos, empleados en las  enfermedades tiroideas:    1=> Son análogos sintéticos de la tiroxina (T4).  2=> Tienen como mecanismo de acción la inhibi- ción de la enzima tiroperoxidasa, reduciendo con ello la yodación de los residuos de la ti- roglobulina.  3=> Poseen acción citotóxica sobre las células de  los folículos tiroideos.  4=> Solo son empleados en cuadros de hipotiroi- dismo severo debido a su elevada potencia.   "
2022,103,1,"103=> La forma farmacéutica y el tamaño de las partí- culas influyen sobre el proceso de absorción del fármaco, cuando éste es administrado por vía  oral, al condicionar:    1=> La disgregación.  2=> La eliminación del principio activo.  3=> El volumen de distribución.  4=> La excreción renal.   "
2022,104,1,104=> ¿Cuál de las siguientes es una reacción metabó- lica de fase I?:    1=> Desulfuración.  2=> Glucuronidación  3=> Acetilación.  4=> Descarboxilación.   
2022,105,4,"105. ¿Qué tipo de fármaco se utiliza para disminuir  los efectos secundarios periféricos de la levodo- pa, en pacientes con enfermedad de Parkin- son?:   1=> Antagonistas colinérgicos.   2=> Agonistas dopaminérgicos no ergóticos.  3=> Inhibidores de la MAO-B (monoaminooxida- sa-B).  4=> Inhibidores periféricos de la LAAD (L- aminoácidoaromático-descarboxilasa).                           "
2022,106,3," 106. ¿Cuál de las siguientes afirmaciones con rela- ción a los fármacos pertenecientes al grupo de los bisfosfonatos es correcta?:    1=> Su uso a largo plazo se relaciona con fractu- ras atípicas de fémur, algo que no sucede con  el denosumab.  2=> El ácido aledrónico es el bifosfonato más  potente de todos los disponibles.  3=> Tienen una pobre absorción oral por lo que se  recomienda su admini stración en ayunas.  4=> Su mecanismo de acción se basa en la forma- ción de hueso.   "
2022,107,1,"107. En relación con la lamotrigina, señale la opción  INCORRECTA:   1=> E n t r e  o t r o s ,  b l o q u e a  r eceptores metabotrópi- cos de glutamato.  2=> Está indicada en el tratamiento del trastorno  bipolar, pero solo para la prevención de los  episodios depresivos.  3=> Su espectro de acción es amplio, pudiéndose  emplear tanto en crisis parciales como gene- ralizadas.  4=> Es un antiepiléptico que presenta menor evi- dencia de teratogenicidad que otros como el  valproato.   "
2022,108,1,"108. En relación con el uso  de β-bloqueantes en el  tratamiento de la cardiopatía isquémica, señale  la opción correcta:    1=> La discontinuación abrupta de un tratamiento  con β-bloqueantes puede aumentar el riesgo  de muerte súbita.  2=> Están indicados en monoterapia en el trata- miento de la angina vasoespástica (angina en  reposo).  3=> En el miocardio isquémico, los β-bloqueantes  aumentan el aporte de oxígeno, pero no tienen  efecto neto sobre su consumo.  4=> Los β-bloqueantes son muy útiles en pacien- tes diabéticos al mejorar su control de la glu- cemia.   "
2022,109,3,"109. Referidos a Glicirryza glabra , indique cuál de las  siguientes afirmaciones es FALSA:   1=> Contiene glicirricina, un saponósido triterpé- nico pentacíclico.  2=> La droga está constitu ida por la raíz.  3=> Entre sus principios activos se encuentran  otros saponósidos como el liquiritósido.  4=> Tiene acción mineralocorticoide.                             "
2022,110,2, 110. ¿Cuál de las siguientes afirmaciones es correc- ta?:   1=> A  p a r t i r  d e l  f r u t o  d e  Pygeum africanum  s e   obtiene un extracto acuoso que se emplea en el tratamiento de la hipertrofia benigna de  próstata.  2=> A partir de las cortezas de Rhamnus  purshianus  se obtienen O-heterósidos y C- heterósidos con estructura de emodina antro- na.  3=> El oleuropeósido es uno de los ácidos grasos  presentes en el aceite de oliva.  4=> El aceite obtenido de las semillas de Oenothe- ra biennis  contiene como componente mayo- ritario triglicéridos formados por ácidos gra-sos saturados.   
2022,111,1,"111=> Indique cuál de las siguientes expresiones es la  correcta:    1=> Las cumarinas se consideran derivados fenó- licos que biogenéticamente se originan por la  vía del ácido sikímico.  2=> El rizoma de Centella asiática  contiene asia- ticósido, una saponina triterpénica pentacícli- ca.  3=> El salicósido se extrae de las hojas de Salix  alba.  4=> La d-tubocurarina actúa como antagonista de  acetilcolina sobre receptores muscarínicos en  placa motora.   "
2022,112,1,112=> ¿Para cuál de los siguientes fármacos no tendría  interés clínico realizar una prueba farmacoge- nética que midiera la actividad de alguna enzi-ma responsable de su metabolismo?:    1=> Etanercept.  2=> Aripiprazol.  3=> Tacrolimus.  4=> 5-Fluorouracilo.   
2022,113,1,113=> ¿En cuál de las siguientes vías de administra- ción de fármacos el tipo de estrato que regula la absorción se considera subcelular?:    1=> Parenteral extravascular.  2=> Oral.  3=> Transpulmonar.  4=> Percutánea.   
2022,114,1,114=> Acaba de prepararse en la farmacia del hospital  una suspensión de un fármaco que presenta  hidrólisis en medio ácido. ¿Cuál de las siguien- tes formas de administración presentará una mayor biodisponibilidad?:    1=>  Por una sonda nasoyeyunal.  2=> Por la vía oral fisiológica.  3=> Por una gastrostomía endoscópica percutánea  (PEG) 4=>.   
2022,115,4," 115. ¿Cuál de los siguientes enunciados en relación a  la actividad de la glicoproteína P y el proceso de absorción es correcto?:    1=> L a  a m i o d a r o n a  a c t ú a  a  n i v e l  d e  l a  g l i c o p r o - teína P intestinal, dificultando la absorción de  fármacos que son sustrato de esta.  2=> Se considera un transporte pasivo, ya que su  actividad es ATP-independiente.  3=> En el ser humano se encuentra fundamental- mente a nivel del tracto gastrointestinal, aun- que también está presente en otros lugares,  como la barrera hematotesticular. Sin embar-go, la barrera hematoencefálica carece de ella.  4=> El dabigatrán es un ejemplo de fármaco que  requiere una reducción de dosis cuando se administra con inhibidores de glicoproteína P  "
2022,116,3,"116. Acude a urgencias un paciente con COVID-19,  al que le prescriben nilm atrevir/ritonavir. El  paciente toma además ibrutinib de forma cróni- ca para tratar su leucemia linfocítica crónica, un fármaco metabolizado a nivel hepático.  ¿Qué podríamos esperar en este paciente con  respecto a su t ratamiento?:    1=> La fuerte inducción de los citocromos produ- cida por ritonavir podría causar una disminu-ción de los niveles plasmáticos de ibrutinib,  reduciendo su eficacia.  2=> A pesar de que la eliminación de ibrutinib es  principalmente hepática, el bloqueo de los  transportadores activos renales causado por ritonavir podría provocar cambios en los ni- veles plasmáticos de ibrutinib, aumentándo- los.  3=> El ritonavir es un inhibidor importante del  citocromo 3A, incrementando por tanto los  niveles de ibrutinib, y con ello posiblemente su toxicidad.  4=> Al ser un tratamiento de 5 días, se puede con- siderar que el uso de fármacos inhibidores o inductores del metabolismo durante periodos  de tiempo tan cortos no van a modificar los  niveles plasmáticos de otros fármacos.   "
2022,117,1,117. ¿A qué tipo de proceso cinético se ajustan habi- tualmente la filtración glomerular y la reabsor-ción tubular pasiva?:    1=> Ambas a procesos cinéticos de primer orden.   2=> Ambas a procesos cinéticos de orden cero.   3=> La filtración glomerular a cinética de primer  orden y la reabsorción tubular pasiva a cinéti- ca de orden cero.   4=> La filtración glomerular a cinética de orden  cero y la reabsorción tubular pasiva a cinética  de primer orden.                   
2022,118,4," 118. En el análisis farmacocinético modelo- dependiente de curvas de niveles plasmáticos – tiempo tras administración extravasal, el cálcu- lo del período de latencia se realiza a partir de:    1=> La fase lineal terminal de la representación  semilogarítmica de niveles plasmáticos –  tiempo.   2=> La fase inicial de la curva de niveles plasmá- ticos – tiempo.   3=>  La pendiente de la fase lineal terminal de la  curva de niveles plasmáticos – tiempo.   4=> El tiempo al que se produce la intersección de  las rectas semilogarítmicas extrapoladas con  el eje de ordenadas correspondiente a las fa- ses de absorción y  de eliminación.    "
2022,119,1,119. ¿Cuál de las siguientes es una característica de  la farmacocinética no lineal?:    1=> Los parámetros farmacocinéticos no se man- tienen constantes e independientes de la dosis administrada y del tiempo.   2=> Los parámetros farmacocinéticos se mantie- nen constantes e independientes de la dosis administrada y del tiempo.   3=> Se cumple el principio de superposición de  las curvas de niveles plasmáticos – tiempo a distintas dosis.   4=> Todos los procesos que experimenta el fár- maco en el organismo se ajustan a cinéticas  de primer orden.   
2022,120,4,"120. Respecto a la farmacocinética de la digoxina,  podemos afirmar que:    1=> La biodisponibilidad de los comprimidos es  próxima al 100%.  2=> Algunos fármacos como la quinidina y el  verapamilo disminuyen las concentraciones  séricas de digoxina por aumento de la elimi- nación renal.  3=> Presenta un volumen de distribución de apro- ximadamente 0,1 L/Kg por su elevada unión a  proteínas plasmáticas.  4=> La principal vía de eliminación de la digoxina  es a través de procesos de filtración glomeru- lar del riñón.   "
2022,121,2,"121=> En administración extravasal, el fenómeno  denominado de flip-f lop ocurre cuando:    1=> El proceso de absorción es más rápido que el  de eliminación.  2=> El proceso de eliminación es más rápido que  el de absorción.  3=> El proceso de absorción se produce a la mis- ma velocidad que el de eliminación.  4=> El proceso de liberación del fármaco de la  forma de dosificación limita su absorción.           "
2022,122,3," 122=> ¿Cuál de las siguientes afirmaciones es FALSA  respecto a la dosis de choque de un medicamen-to administrado por vía intravenosa?:    1=> La dosis de choque necesaria para alcanzar la  concentración plasmática objetivo está deter- minada por el volumen de distribución.  2=> Cuando el intervalo de administración es  igual a la semivida del fármaco, una dosis de  choque de dos veces la dosis de mantenimien- to lograría alcanzar el estado de equilibrio.  3=> La dosis de choque es independiente de la  concentración plasmática objetivo, al depen-der solamente de su eliminación.  4=> Es una estrategia de dosificación establecida  para muchos fármacos con semivida de eli-minación elevada.   "
2022,123,2,"123=> La proteína quinasa dependiente de AMP o  AMP quinasa, es uno de los principales regula- d or e s  d e  l a h om e os t as i s  m e ta b ól i c a .  E n  s u  f or - ma activa, esta enzima produce:   1=> La inhibición de la glucolisis y de la glucoge- nólisis muscular.  2=> La inhibición hepática de la lipogénesis y de  la colesterogénesis.  3=> La activación de la síntesis de ácidos grasos  en adipocitos.  4=> La activación de la fosfoenolpiruvato carbo- xiquinasa (PEPCK) y la consiguiente estimu- lación de la gluconeog énesis hepática.   "
2022,124,1,124=> Indique cuál de estas etapas del ciclo de Krebs  está sometida a regu lación alostérica:    1=> Isocitrato - α-cetoglutarato.  2=> Citrato - isocitrato.  3=> Succinil-CoA - succinato.  4=> Fumarato - malato.   
2022,125,2,125. ¿Cuál de las siguientes funciones NO la realiza  un derivado del isopreno?:    1=> Regular el metabolismo del calcio.  2=> Provocar la respuesta in flamatoria y fiebre.  3=> Estimular la proliferación de la mucosa en- dometrial del útero.  4=> Incrementar la reabsorción de sodio y secre- ción de potasio.                                             
2022,126,4," 126. ¿Cuál de las siguientes afirmaciones acerca del  ciclo del ácido cítrico, también conocido como ciclo de Krebs o ciclo de los ácidos tricarboxíli- cos, es correcta?:     1=> Es un ciclo reversible, que puede funcionar en  ambas direcciones.  2=> El calcio (Ca 2+) es un potente inhibidor del  ciclo, actuando sobre la isocitrato deshidro- genasa y la α-cetoglutarato deshidrogenasa.  3=> La succinil-CoA sintetasa, anclada en la  membrana mitocondrial interna, forma parte  del complejo II de la cadena de transporte electrónico.  4=> El ciclo cataliza la oxidación de acetil-CoA a  CO 2, generando NADH+H+, FADH 2 y  G T P ,   aunque la enzima fumarasa no participa en la   producción de ninguna de estas moléculas  mencionadas.   "
2022,127,2,127. ¿Dónde tienen lugar de forma casi exclusiva las  reacciones del ciclo de la urea?:   1=> En el músculo esquelético.  2=> En el hígado.  3=> En el riñón.  4=> En la mucosa intestinal. 
2022,128,1,"128. Un paciente fue sometido a una pancreatico- duodenectomía (resección completa del duo- deno, de la vesícula biliar y de la cabeza del  páncreas) hace 6 meses. Ha recibido múltiples  ciclos de antibióticos de amplio espectro por haber sido colonizado por una bacteria multi- rresistente durante el ingreso, y actualmente  presenta hematuria. ¿Qué afirmación sería más probable?:    1=> Debido a una resección de este tipo y el uso  prolongado de antibióticos, la hematuria po- dría ser secundaria a una deficiencia de nafto- quinonas.  2=> Debido a la resección parcial del páncreas y  total de la vesícula biliar, la hematuria podría  ser secundaria a una trombopenia por defi-ciencia de tocoferol.  3=> Debido a la resección duodenal, la hematuria  podría ser secundaria a un déficit de absor-ción de vitamina B12=>  4=> Debido a la resección duodenal, la hematuria  podría ser una de las hemorragias típicas de la  púrpura Schoenlein-Henoch, causada por dé- ficit de vitaminas liposolubles.                                  "
2022,129,1," 129. Señale qué respuest a es INCORRECTA en  relación a los heteropolisacáridos:   1=> El ácido hialurónico es el glicosaminoglicano  que más comúnmente se encuentra formando la parte glucídica de los proteoglicanos.  2=> Los proteoglicanos son heterósidos que pre- sentan un porcentaje mayor de glúcidos que las glucoproteínas.  3=> El fondaparinux es un fármaco anticoagulante  que presenta una secuencia heteropolisacarí- dica semejante a la heparina, a la que se ha  añadido un grupo metoxilo.  4=> Los glicosaminoglicanos están formados por  unidades monosacarídicas distintas, una de  las cuales es siempre N-acetilglucosamina o N-acetilgalactosamina.   "
2022,130,3,"130. ¿En cuál de las siguientes acciones esperaría  que un mayor porcentaje de la producción de  ATP procediera del sistema oxidativo?:    1=> Esprintar durante un partido de tenis (10 se- gundos, uso mayoritario de musculatura de  miembros inferiores).  2=> Realizar una tanda de 30 flexiones (60 segun- dos, uso mayoritario de musculatura de pecho  y miembros superiores).  3=> Jugar una partida de ajedrez contra Hans  Niemann (30 minutos, sin uso mayoritario de  ninguna musculatura).  4=> Competir en una prueba de natación de 100 m  mariposa (70 segundos, uso de miembros su-periores, inferiores y pecho).   "
2022,131,2,"131=> ¿Con respecto al metabolismo hepático del  alcohol (etanol),  qué afi rmación es correcta?:     1=> Se inicia con una descarboxilación oxidativa  catalizada por la enzima alcohol descarboxi- lasa.  2=> Genera un exceso de acetil-CoA que se puede  utilizar para la síntesis de ácidos grasos.  3=> Provoca un aumento del pH sanguíneo debido  a la acción final de la enzima acetaldehído deshidrogenasa.  4=> Para ser metabolizado, se consume NADH y  se genera en consecuencia NAD +.   "
2022,132,2,132=> ¿Qué papel desempeña la apoproteína E en la  eliminación de remanentes de quilomicrones y  de lipoproteínas de muy baja densidad (VLDL)  de la circulación sanguínea?:   1=> Favorece la transferenci a de material lipídico  de ambas lipoproteínas a las HDL.  2=> Es reconocida por los receptores celulares  hepáticos que pertenecen a la familia de re- ceptores de lipoproteínas de baja densidad.  3=> Actúa como cofactor activador de la lipopro- teín lipasa sérica.  4=> Estabiliza la estructura de las lipoproteínas y  desaparece de ellas por la cesión de ácidos  grasos a las células periféricas
2022,133,3," 133=> En relación a las endonucleasas de restricción,  ¿qué afirmación es INCORRECTA?:   1=> Reconocen secuencias p alindrómicas; GATC  sería un ejemplo de estas.  2=> Cortan la molécula de ADN en un sitio preci- so.  3=> No se pueden emplear en procesos de clona- ción debido a su termolabilidad, quedando  restringidas a procesos de modificación géni- ca más sencillos.  4=> Pueden originar extremos tanto romos como  cohesivos, dependiendo de la enzima.   "
2022,134,4,"134=> En relación con los ARNm policistrónicos, ¿qué  afirmación es cierta?:   1=> A pesar de ser muy largos, codifican una sola  proteína.  2=> Se sintetizan en el interior del núcleo celular  para luego salir de este y traducirse en el cito- plasma.  3=> Una de sus características particulares es que  son los únicos ARNm donde encontramos  codones formados por 4 bases, en lugar de 3  4=> Los podemos encontrar en procariotas y virus,  pero no en eucariotas.   "
2022,135,4,135. ¿Cuál de las siguientes opciones NO es una  mutación puntual en la secuencia de ADN?:    1=> Sustitución.  2=> Deleción.  3=> Inserción.  4=> Traslocación.   
2022,136,2,"136. En cuanto a la estructura helicoidal de la con- formación A y B del ADN bicatenario, ¿qué  afirmación es cierta?:   1=> Ambas conformaciones presentan una hélice  con vuelta a la izqui erda (ADN-levógiro).  2=> Ambas conformaciones presentan una hélice  con vuelta a la derecha (ADN-dextrógiro).  3=> La conformación A presenta una hélice con  vuelta a la derecha (A D N - d e x t r ó g i r o )  y  l a   conformación B presenta una hélice con vuel- ta a la izquierda (ADN-levógiro).  4=> La conformación A presenta una hélice con  vuelta a la izquierda (ADN-levógiro) y la  conformación B presenta una hélice con vuel- ta a la derecha (ADN-dextrógiro).   "
2022,137,3,137. ¿Cuál de las siguientes opciones NO es un sis- tema de reparación del ADN?:    1=> Reparación por escisión de bases.  2=> Reparación por supre sión de nucleótidos.  3=> Reparación de emparejamientos de la hebra  simple.  4=> Reparación de pares erróneos.       
2022,138,2, 138. ¿En cuál de los siguientes casos esperamos en- contrar una cant idad de cobre elevada en la  orina?:    1=> Paciente con enfermedad de Menkes.  2=> Paciente con una patología que curse con un  déficit en la síntesis de ceruloplasmina.  3=> Paciente que ingiere grandes cantidades de  zinc de forma crónica.  4=> Paciente con mutaciones en el transportador  codificado por el gen ATP7A.   
2022,139,3,"139. AR es una paciente que ingresa para tratarse de  un linfoma, y tiene un diagnóstico de déficit  grave de grlucosa 6 fosfato deshidrogenasa.  Al   revisar su prescripción, usted se encuentra con que uno de los fármacos que recibe presenta  especial riesgo de desencadenar una crisis de  anemia hemolítica. ¿Cuál es ese fármaco?:   1=> Meropenem.  2=> Tramadol.  3=> Rasburicasa.  4=> Bisoprolol.   "
2022,140,4,"140. Respecto al aminoácid o cisteína, señale el enun- ciado correcto:    1=> Es uno de los aminoácidos esenciales en el  adulto.  2=> Tiene capacidad de absorber luz ultravioleta a  280 nm.  3=> Forma parte del tetrapéptido glutatión, que  protege de la oxidación a través de la enzima  glutatión peroxidasa.  4=> Se clasifica generalmente como polar a pesar  de tener un índice hidropático positivo.   "
2022,141,2,"141=> MB es un paciente de 73 años ingresado tras  una cirugía de colon por su proceso oncológico  de base. El cirujano le prescribe una nutrición  parenteral estandarizada, ya que el paciente padece de íleo paralítico tras la operación y  lleva varios días de ayuno. Al día siguiente, en  la analítica presenta hipofosfatemia, hipomag-nesemia e hipopotasemia, así como déficit de  vitamina B1 ¿Cuál es el escenario más proba- ble que explica esta situación?:   1=> Las nutriciones parenterales comerciales ca- recen de electrolitos, por lo que deberían ha- berse añadido en el Se rvicio de Farmacia.  2=> Debido al proceso de base, el paciente se en- contraba desnutrido y parece presentar un  síndrome de realimentación tras el inicio de la  nutrición.  3=> La nutrición parenteral ha interaccionado con  la medicación que toma el paciente provo- cando una desregulación electrolítica.  4=> Esta es una situación habitual en pacientes de  edad avanzada, que responden mal a trata- mientos con nutri ción parenteral.   "
2022,142,1,"  142=> En una muestra de un paciente, nos encontra- mos con LDH y K + elevados, y la haptoglobina  disminuida. ¿Cuál de las siguientes patologías  es más probable?:    1=> Déficit de piruvato quinasa.  2=> Síndrome de Lesch-Nyhan.  3=> Síndrome de Hurler.  4=> Hiperpotasemia franca con anemia por insufi- ciencia renal crónica.   "
2022,143,3,143=> La imagen adjunta muestra un proteinograma  de un individuo sano y de un paciente en estu-dio. ¿Qué alteración es la más probable para  este caso?:    1=> Hipoalbuminemia.  2=> Inflamación crónica.  3=> Inmunodeficiencia.  4=> Paraproteinemia o gammapatía monoclonal. 
2022,144,2,"144=> Cuando un aparato de análisis de muestras de  sangre nos da el valor de índice sérico, este hace  referencia a:    1=> Un índice que mide el grado de anemia del  paciente de forma precisa.  2=> Un indicador de la calidad de la muestra, que  nos informa de la validez de los resultados  que podamos obtener.  3=> Una medida de la celularidad del suero, que  informa tanto de los hematíes presentes como  de los leucocitos.  4=> Un índice cuantitativo que calcula la cantidad  de proteínas séricas presentes, si bien no hace  distinciones entre proteínas α-1 y α-2=>   "
2022,145,4,"145. Los métodos homogéneos directos para la cuan- tificación del colesterol-HDL permiten determi-nar el colesterol-no-HDL. ¿Qué lipoproteínas  engloba esta fracción lipoproteica?:    1=> LDL.  2=> IDL y LDL.  3=> VLDL y lipoproteín as remanentes.  4=> Quilomicrones, VLDL, IDL y LDL.                                    "
2022,146,2," 146. En un paciente con un diagnóstico de ictericia a  causa de una anemia hemolítica, ¿cuál de las siguientes afirmaciones es INCORRECTA?:    1=> Presentará una hiperbilirrubinemia a expensas  de un aumento de la bilirrubina indirecta.  2=> Es esperable que se produzca un incremento  de bilirrubina en la orina.  3=> Se producirá un descenso de la haptoglobina,  y un aumento de la lactato deshidrogenasa.  4=> Suelen presentar un índice de producción de  reticulocitos mayor o igual a 2,5 veces el va- lor normal.   "
2022,147,2,"147. ¿Cuál es la explicación más probable para los  resultados del siguiente urianálisis? Nitrito (2+), Esterasa L eucocitaria (3+), Ceto- nas (Negativo), Glucosa (trazas):    1=> Contaminación de la muestra por mala mani- pulación.  2=> Infección del tr acto urinario.  3=> Anorexia o ayuno muy prolongado.  4=> Incapacidad glomerular para la conservación  de macromoléculas.  "
2022,148,1,"148. ML es una mujer de 86 años que consulta por  mal estado general. Com o antecedentes perso- nales destacan diabetes y enfermedad por reflu- jo gastroesofágico en tratamiento con omepra- zol desde hace 10 días. Se encuentra afebril, y  una tira de orina revela hematuria y leucocitu- r i a ,  c o n  n i t r i t o s  n e g a t i vos. Analíticamente des- taca un filtrado glomerular de 40 mL/min  (CKD-EPI) y unas proteínas en orina de 24  horas ligeramente elevadas. En una analítica de hace 30 días el filtrado  glomerular era normal  (100 mL/min). ¿Cuál de l os siguientes diagnós- ticos sería el más probable?:   1=> Nefritis intersticial aguda.  2=> Nefropatía diabética.  3=> Síndrome nefrótico.  4=> Infección del tr acto urinario.   "
2022,149,1,"149. Tras iniciar tratamiento quimioterápico en un  paciente hematológico con alta carga de enfer- medad, ¿cuál de las siguientes alteraciones hi-droelectrolíticas sería más probable encontrar?:   1=> Hiperfosfatemia.  2=> Hipernatremia.  3=> Hipercalcemia.  4=> Hipomagnesemia.                                "
2022,150,3," 150. Un recién nacido de 72 horas de vida debuta  con un cuadro de hiperamonemia, sospechán-dose un error congénito  del metabolismo. Analí- ticamente destaca la ausencia de acidosis, así  como unos niveles de citrulina en plasma bajos, y un nivel elevado de ácido orótico en orina.  ¿Cuál sería el diagnóstico más probable?:    1=> Déficit de carbamil-P-sintetasa 1  2=> Enfermedad del jarabe de arce.  3=> Déficit de ornitín transcarbamilasa.  4=> Déficit de piruvato deshidrogenasa.   "
2022,151,3,"151=> De los siguientes ácidos, ¿cuál es el más apro- piado para preparar una disolución tampón de  pH=5?:   1=> Ácido fosfórico, ( pK a1 =  2 , 1 4 ;  pKa2 =  7 , 1 9 ;   pKa3 = 12,34).  2=> Ácido carbónico, ( pKa1 = 6,35; pKa2 = 10,32).  3=> Ácido acético, ( pKa = 4,75).  4=> Ácido hipocloroso, ( pKa = 7,52).   "
2022,152,1,"152=> Al aumentar la fuerza iónica de una disolución  donde se encuentran iones Ca2+ y Ag+, la varia- ción del coeficiente de actividad de un ion con  respecto al valor de 1 (comportamiento ideal)  será:   1=> Mayor para el catión Ca 2+ que para el catión  Ag+.  2=> Menor para el catión Ca2+ que para el catión  Ag+.  3=> Igual para ambos cationes.  4=> Al ser ionizaciones naturales, ninguno de los  dos mostrará variación respecto al comporta-miento ideal.   "
2022,153,2,153=> ¿Con cuál de las siguie ntes volumetrías relacio- naría la valoración po r desplazamiento?:    1=> Ácido-base.  2=> Formación de complejos.  3=> Oxido-reducción.  4=> Precipitación.    
2022,154,3,"154=> En una valoración yod imétrica empleando tri- yoduro como reactivo valorante, la estandariza-ción previa de este reactivo se realiza con:    1=> Permanganato potásico.  2=> Dicromato potásico.  3=> Tiosulfato de sodio anhidro.  4=> Dióxido de cloro.                              "
2022,155,4," 155. En la validación de un método analítico, el lími- te de cuantificación del método se calcula a través de la señal x LC, obtenida sumando la  señal del blanco X B, y la desviación estándar  correspondiente a señales repetidas del blanco  empleado σB mediante la fórmula:  xLC = X B +   nσB. ¿Cuál debe ser el valor de n?:    1=> 1  2=> 2  3=> 5.  4=> 10.   "
2022,156,3,"156. La absorbancia total de una disolución a una  longitud de onda dada, es:    1=> Independiente del disolvente utilizado.  2=> Independiente del pH de la disolución.  3=> Igual a la suma de las absorbancias de los  componentes individuales en la disolución.  4=> Igual a la absorbancia del componente más  absorbente.   "
2022,157,1,"157. En espectrofotometría  de absorción atómica, un  aumento de la temperatura en el atomizador produce:    1=> Un aumento de la sensibilidad porque aumen- ta la eficacia de la atomización.  2=> Una disminución de interferencias porque  aumenta el ensanchamiento de las líneas ató- micas por efecto Doppler.  3=> Un aumento de la sensibilidad porque dismi- nuye la eficacia de  la atomización.  4=> Un aumento de interferencias porque dismi- nuye el ensanchamiento de las líneas atómi-cas por efecto Doppler.   "
2022,158,3,158. ¿En qué proceso se basa la técnica analítica de  nefelometría?:    1=> En la absorción de radiación.  2=> En la emisión de radiación.  3=> En la dispersión de radiación.  4=> En la refracción de radiación.   
2022,159,2,159. La técnica más adecuada para el análisis multi- elemental es:   1=> Espectrometría de emisión atómica con arco y  chispa.  2=> Espectrometría de emisión atómica en plas- ma.  3=> Espectrometría de absorción atómica en lla- ma.  4=> Espectrometría de absorción atómica con  horno.                     
2022,160,1, 160. La fluorescencia es u n proceso en el que tiene  lugar:    1=> Una transición radiante en la que se emite un  fotón sin cambio de multiplicidad.  2=> Una transición radiante en la que se emite un  fotón con cambio de multiplicidad.  3=> Una transición no radiante en la que se emite  un fotón sin cambio de multiplicidad.  4=> Una transición no radiante en la que se emite  un fotón sin cambio de multiplicidad. 
2022,161,1,161=> ¿Cuál de los siguientes sistemas de ionización  utilizados en espectrometría de masas utiliza  iones gaseosos reactivos para lograr la obten- ción de iones?:   1=> Ionización química.  2=> Ionización por impact o de electrones.  3=> Ionización por bombardeo  de átomos rápidos.  4=> Ionización/desorción asi stida por una matriz. 
2022,162,2,162=> La membrana de un electrodo selectivo a iones  fluoruro constituida prácticamente en su totali- dad por LaF 3 es una membrana:    1=> De vidrio.  2=> Sólida cristalina.  3=> Líquida con un ionóforo.  4=> Líquida con un intercambiador iónico. 
2022,163,4,"163=> En la determinación cuantitativa de especies  atómicas mediante espectrometría de emisión en plasma ICP, las muestras se introducen en la  antorcha de plasma:    1=> Como nebulizado o aerosol, tangencialmente  y a través del cilindro exterior arrastradas por  el flujo del aire.  2=> Como nebulizado o aerosol, por el cilindro de  cuarzo concéntrico central arrastradas por el  flujo del aire.  3=> Como nebulizado o aerosol, tangencialmente  y a través del cilindro exterior arrastradas por  el flujo del argón.  4=> Como nebulizado o aerosol, por el cilindro de  cuarzo concéntrico central arrastradas por el  flujo del argón.  "
2022,164,3,"164=> En un espectro de absorción infrarrojo, el nú- mero de onda de un grupo  funcional diatómico:    1=> Aumenta al disminuir la constante de fuerza  del enlace.  2=> Aumenta al aumentar la masa reducida.  3=> Aumenta al aumentar la constante de fuerza  del enlace.  4=> Es independiente de la masa reducida.                 "
2022,165,4," 165. El inyector de “bucle” o de válvula de 6 vías es  una parte crucial del cro matógrafo de líquidos  porque, desde un punto de vista cuantitativo,  mejora la:    1=> Selectividad de la separación.  2=> Sensibilidad de la separación.  3=> Resolución de la separación.  4=> Reproducibilidad de la separación.   "
2022,166,2,166. Las transiciones electró nicas con absortividades  molares más pequeñas que producen una banda  de absorción en la región del espectro visible son:    1=> Orbital 𝜋 - orbital 𝜋 antienlazante ( 𝜋 -𝜋*).  2=> Campo-ligando.  3=> Orbital no enlazante - orbital 𝜋 antienlazante  (n -𝜋*).  4=> Orbital no enlazante - orbital 𝜎 antienlazante  (n -𝜎*).   
2022,167,3,"167. La primera ley de la termodinámica indica que:   1=> Si un cuerpo A se encuentra en equilibrio  térmico con un cuerpo B y éste a su vez está  en equilibrio térmico con un cuerpo C, A y C se encuentran en equilibrio térmico.  2=> No es posible alcanzar el cero absoluto en un  número finito  de etapas.  3=> Un sistema termodinámico puede intercam- biar energía con su entorno en forma de traba- jo y de calor, y variar de esa forma su energía  interna. La relación entre estas tres magnitu- des viene dada por el principio de conserva-ción de la energía.   4=> Es imposible que un sistema realice un proce- so cíclico cuyos únicos efectos sean el flujo de calor hacia el sistema desde una fuente de  calor y la realización, por parte del sistema,  de una cantidad de trabajo equivalente.     "
2022,168,3,168. En una reacción de orden 0 (siendo k la cons- tante de velocidad):   1=> La velocidad de la reacción es dependiente  de la concentración.    2=> La representación de la concentración frente  al tiempo da una línea recta cuya pendiente  es -1/k.  3=> El tiempo de semivida es proporcional a la  concentración e inversamente proporcional a  k.  4=> La unidad de la constante k es (t-1).                                
2022,169,2, 169. La distancia cuadrática promedio que recorre  una molécula en un líquido:   1=> Es proporcional a la viscosidad del líquido.    2=> Tiene una relación inv ersamente proporcional  al radio hidrodinámi co de la molécula.     3=> Muestra una relación inversamente propor- cional con la temperatura absoluta.   4=> Es dependiente del gradiente de concentra- ción.   
2022,170,3,170. ¿Cuál de las siguientes afirmaciones es FAL- SA?:   1=> El flumazenilo está indicado para el diagnós- tico diferencial del coma inducido por benzo-diazepinas.  2=> La sobredosis de benzodiazepinas en presen- cia de alcohol puede causar una depresión respiratoria potencialmente mortal.  3=> El flumazenilo es un antagonista no competi- tivo del receptor benzodiazepínico.  4=> El flumazenilo se utiliza para revertir el efec- to sedante de las benzodiazepinas usadas en  intervenciones quirúrgicas menores.   
2022,171,4,171=> ¿Cuál de las siguientes enfermedades NO ocu- rre como consecuencia de la exposición crónica a asbestos?:    1=> Mesotelioma pleural.  2=> Fibrosis.  3=> Cáncer de pulmón.  4=> Enfisema. 
2022,172,2,"172=> ¿Cuál es el mecanismo de toxicidad de la saxi- toxina, sintetizada por algunos dinoflagelados?:    1=> Inhibición de la acetilcolinesterasa.  2=> Bloqueo de los canales de sodio dependientes  de voltaje.  3=> Activación del recepto r de glutamato.  4=> Antagonista de los receptores de glicina.   "
2022,173,1,173=> ¿Qué tratamiento se utiliza para revertir el  efecto de agentes metahemoglobinizantes?:    1=> Azul de metileno.  2=> Hidroxicobalamina.  3=>  Deferoxamina.  4=> Tiamina. 
2022,174,3,174=> ¿Cuáles de los siguie ntes tratamientos serían  recomendables en el caso de una intoxicación  con pesticidas organofosforados?:    1=> Neostigmina y piridoxina.  2=> Diazepam y acetilcolina.   3=> Atropina y pralidoxima.  4=> Clorpromazina y sales de calcio.          
2022,175,3," 175. En relación con la tautomería, indique cuál de  las afirmaciones sigui entes es correcta:     1=> Los tautómeros de las cetonas son formas  resonantes.  2=> Los tautómeros de las cetonas presentan simi- lar estabilidad.  3=> La tautomería de las cetonas puede ser catali- zada por ácidos y bases.   4=> La reactividad de los tautómeros de una ceto- na es similar.    "
2022,176,1,"176. ¿Cuál de los compuestos siguientes podría dar  una reacción de sustitución nucleofílica aromá- tica al ser tratado con NaOH acuoso?:      1=> 2,4,6-Trinitroclorobenceno.  2=> 2,4,6-Trimetilbromobenceno.  3=> 3,5-Dimetoxifluorobenceno.  4=> 3-Amino-5-nitroclorobenceno.   "
2022,177,4,177. La síntesis de Strecker de α-aminoácidos (tra- tamiento con NH 3 y HCN seguido de hidrólisis)  parte de:    1=> Ácidos α-bromocarboxílicos.  2=> Acilaminomalonatos de dietilo.  3=> Αlfa-cetoácidos.  4=> Aldehídos.   
2022,178,3,"178. ¿Cuál de los siguientes compuestos presenta  mayor acidez?:    1=> Acetaldehído.  2=> Metanol.  3=> 2,4-Pentanodiona.  4=> Acetato de etilo.   "
2022,179,2,"179. Dadas las especies: H, He+ y  L i2+, la energía  necesaria para arrancar un electrón de cada  una de ellas:    1=> Sería la misma ya que son isoelectrónicos.  2=> Sería mayor en el Li2+.  3=> Sería mayor en el H.  4=> Sería mayor en el He+.   "
2022,180,3,180. ¿Cuál de las siguientes afirmaciones referentes  a la molécula de trifluoruro de boro es correc- ta?:    1=> La molécula es polar.   2=> La geometría molecular es piramidal trigonal 3=> Todos los enlaces de esta molécula son pola- res.   4=> El BF 3 es una base de Lewis.                         
2022,181,1, 181=> Dadas las siguientes especies:  a) CO 32-      b) SO 2      c) CCl 4     d) CO  Señale cuales presentan hibridación sp2 en el  átomo central:    1=> a  y  b .       2=> b y d.    3=> b y c.    4=> a.   
2022,182,2,182=> El O 2 y O 3 son ejemplos de:   1=> Isótopos.  2=> Alótropos.  3=> Isómeros.  4=> Confórmeros.   
2022,183,4,183=> Un gráfico de violín:    1=> Es una figura musical relativa al instrumento  homónimo.  2=> Es una distribución armonizada de dos varia- bles cualitativas con similar dispersión.  3=> Es una distribución armonizada de dos varia- bles cuantitativas con similar dispersión.  4=> Es una combinación de un diagrama de cajas  y la gráfica de densidad de probabilidad de  una variable determinada.   
2022,184,1,184=> Una odds:    1=> Es el cociente entre la probabilidad de ocu- rrencia de un suceso y la probabilidad de no  ocurrencia de dicho suceso.  2=> Expresa la frecuencia relativa de un suceso en  tantos por uno.  3=> Es una tasa que incluye el factor tiempo.  4=> Es la probabilidad de que ocurra un suceso.   
2022,185,3,185. ¿En cual de los siguientes casos se comete un error de tipo I en una p rueba de hipótesis?:    1=> Cuando se acepta la hipótesis nula siendo  verdadera la hipótesis nula.  2=> Cuando se acepta la hipótesis nula siendo  verdadera la hipót esis alternativa.   3=> Cuando se rechaza la hipótesis nula siendo  verdadera la hipótesis nula.  4=> Cuando se rechaza la hipótesis nula siendo  verdadera la hipót esis alternativa.  
2022,186,4,186. Si una prueba diagnóstica tiene una sensibilidad  del 100% y una especificidad del 95%:    1=> Su valor predictivo positivo es del 0%.  2=> Su valor predictivo positivo es del 100%.  3=> Su valor predictivo negativo es del 0%.  4=> Su valor predictivo negativo es del 100%.                    
2022,187,2, 187. La prueba U de Mann-Whitney se usa para  comparar:   1=> Dos muestras independientes que cumplen  criterios de normalidad.  2=> Dos muestras independientes que no cumplen  criterios de normalidad.  3=> Dos muestras apareadas que cumplen criterios  de normalidad.  4=> Dos muestras apareadas que no cumplen cri- terios de normalidad.   
2022,188,1,188. En una regresión logística simple:    1=> La variable dependiente es siempre binaria.  2=> La variable dependiente es siempre cuantita- tiva.  3=> La variable independiente es siempre binaria.  4=> La variable independiente es siempre cuanti- tativa.    
2022,189,2,"189. ¿Qué situación no está recogida en el Real De- creto 1015/2009, de 19 de junio, que regula la disponibilidad de medicamentos en situaciones  especiales?:    1=> El acceso a medicamento s de uso compasivo.  2=> El acceso a medicamentos en fase de investi- gación clínica en el contexto de un ensayo clínico.  3=> El acceso a medicamentos no autorizados en  España siempre que estén legalmente comer- cializados en otros Estados.  4=> El acceso a medicamentos autorizados cuando  se utilicen en condiciones distintas a las auto- rizadas, que en todo caso tendrá carácter ex- cepcional.   "
2022,190,1,"190. Ningún medicamento puede comercializarse en  España sin la autorización previa de la Agencia Española del Medicamen to y Productos Sanita- rios. Si el solicitante, que no dispone de autori- zación de comercialización comunitaria, presen-ta su solicitud de autorización de forma simul- tánea en varios países de la Unión Europea, nos  referimos a un procedimie nto de autorización:     1=> Descentralizado.  2=> Reconocimiento mutuo.  3=> Centralizado.  4=> Multinacional.   "
2022,191,1,"191=> En ensayos clínicos con menores ¿a partir de  qué edad, además del co nsentimiento de los  padres o representantes legales, debe prestar  consentimiento el sujeto?:    1=> 12 años.  2=> 14 años.  3=> 16 años.  4=> 18 años.           "
2022,192,4, 192=> ¿Cuál de los siguientes errores de medicación se  considera reacción adversa a medicamentos y se debe notificar al Sistema Español de Farmaco- vigilancia?:    1=> Cualquier fallo terapéutico por omisión del  tratamiento.  2=> Cualquier error de administración de un me- dicamento por un profesional sanitario.  3=> Cualquier error de administración de un me- dicamento por el propio paciente.  4=> Cualquier error que ocasiona daño al pacien- te.   
2022,193,2,"193=> ¿Cuál de las siguientes definiciones de estudio  observacional con medic amentos es correcta?:    1=> Investigación en la que la decisión de prescri- bir los medicamentos en investigación se to-ma junto con la de incluir al sujeto en el estu- dio clínico.  2=> Investigación que implique la recogida de  datos individuales relativos a la salud de per- sonas con el fin de obtener información sobre  los patrones de utilización de los medicamen-tos en la población.  3=> Investigación en la que se aplican procedi- mientos de diagnóstico o seguimiento a los sujetos de ensayo que van más allá de la prác- tica clínica habitual.  4=> Investigación destinada a descubrir o com- probar los efectos clínicos, farmacológicos o  demás efectos farmacodinámicos de uno o más medicamentos.   "
2022,194,2,"194=> Indique la respuesta correcta sobre el uso de  anticuerpos unidos a fá rmacos en inmunotera- pia antitumoral:    1=> Supone una ventaja, ya que los anticuerpos  son proteínas muy resistentes al pH del estó- mago y previenen la desnaturalización del fármaco.  2=> Supone una ventaja, ya que usa la especifici- dad de los anticuerpos para que la acción del fármaco se ejerza sobre las células a las que  se une el anticuerpo.  3=> A pesar de presentar bastantes beneficios,  presentan una desventaja, ya que los anticuer- pos presentan reactividad cruzada asociada y  se pueden unir tanto al tejido canceroso como  al tejido sano.  4=> Supone una ventaja, ya que la generación y  purificación de los anticuerpos es muy senci- lla y por tanto el coste del tratamiento es bajo                          "
2022,195,3," 195. Si desarrollamos un animal knock-out  para el  componente C4 del sistema del Complemento, ¿cuál de los siguientes procesos no podrá efec- tuarse?:    1=> Formación de anafilotoxinas.  2=> Formación del complejo de ataque a mem- brana (MAC).  3=> Formación de la C3 convertasa de la vía de  las lectinas.  4=> Formación de la C3 convertasa de la vía al- ternativa.   "
2022,196,3,"196. La reacción en el centro germinal es una parte  importante del desarrollo  dependiente de antí- geno de los linfocitos B. ¿Mediante cuáles de los mecanismos siguientes se produce?:    1=> La expansión clonal, la proliferación, el cam- bio de clase de inmunoglobulina y la exclu- sión alélica.  2=> La hipermutación somática, la edición del  TCR, el cambio de isotip o y la diferenciación 3=> La expansión clonal, el cambio de isotipo, la  hipermutación somática y la diferenciación.  4=> La hipermutación somática, el reordenamien- to del segmento variable del BCR y la activa- ción de los linfocitos B.    "
2022,197,3,197. La activación de las células B para producir  anticuerpos de alta afi nidad requiere la unión  del antígeno por el recept or de célula B (BCR):     1=> Como contacto directo con una célula T  cooperadora CD8+ activada en el timo.  2=> Como contacto directo con una célula T  cooperadora CD4+ activada en el timo.  3=> Como contacto directo con una célula T  cooperadora CD4+ activ ada en el ganglio lin- fático.  4=> Como contacto directo con una célula T  cooperadora CD8+ activ ada en el ganglio lin- fático.   
2022,198,4,"198. ¿Cuál de las siguientes moléculas participa en la  señalización y activación de los linfocitos T,  constituyendo la segunda señal de activación?:    1=> CD3=>  2=> CD4 y CD8.  3=> CD5.  4=> CD28.                                       "
2022,199,2, 199. Indique cuál de las siguientes afirmaciones  sobre las inmunodeficiencias (IDs) es INCO-RRECTA:    1=> Las IDs que afectan a los mecanismos de  fagocitosis van asociadas de forma frecuente  a infecciones por bact erias extracelulares.  2=> Las IDs de proteínas del sistema del comple- mento provocan una mayor incidencia de in- fecciones víricas.  3=> La severidad de las IDs causadas por linfoci- tos B depende del isotipo de Ig afectado.  4=> Las IDs primarias son congénitas y las secun- darias son inducidas por agentes externos.   
2022,200,2,"200. Ingresa en la UCI un paciente hematológico con  fiebre, hipotensión y distr és respiratorio, requi- riendo del uso de noradrenalina y de ventilación  mecánica para mantener las constantes en ran-go. Ocurre después de la administración de un  nuevo anticuerpo monoclonal biespecífico.  ¿Qué síndrome es más probable en este pacien-te?:    1=> Síndrome serotoninérgico.  2=> Síndrome de liberación de citocinas.  3=> Síndrome neuroléptico maligno.  4=> Síndrome de tipo DRESS (reacción de sensi- bilidad a medicamentos con eosinofilia y sín- tomas sistémicos).   "
2022,201,2,201=> ¿Cuál de las siguientes modificaciones en la  estructura de las tetraciclinas aumenta su esta-bilidad sin pérdida de actividad biológica?:    1=> Sustitución del grupo amida en posición 2 por  un nitrilo.  2=> Eliminación del grupo hidroxilo en la posi- ción 6.  3=> Introducción de grupos alquilo voluminosos  en el nitrógeno amídico.  4=> Eliminación de un agrupamiento β- hidroxicarbonilo.   
2022,202,1,202=> ¿Cuál de los siguientes microorganismos se  transmite por mordedura de rata?:    1=> Streptobacillus moniliformis .  2=> Bartonella bacilliformis .  3=> Rickettsia typhi.   4=> Coxiella burnetti .                                         
2022,203,4," 203=> En una unidad de urgencias pediátricas se em- plea de rutina como solución de mantenimiento un suero glucosalino 1/3 (contiene glucosa al  3,3% y NaCl 0,3%; o lo que es lo mismo, gluco- sa 183 mmol/L y NaCl 51 mmol/L). ¿Cuál es la afirmación correcta con res pecto a este suero?:    1=> Es hiposmótico con respecto al plasma hu- mano.  2=> Es hiperosmótico con respecto al plasma hu- mano.  3=> Es hipertónico con respecto al plasma hu- mano.  4=> Es isosmótico con respecto al plasma hu- mano.   "
2022,204,2,204=> ¿Cuál de los siguientes antivíricos está indicado  solo en profilaxis de la reactivación del citome- galovirus (CMV) y no en el tratamiento de la  enfermedad causada por este virus en pacientes  receptores de un trasplante?:    1=> Foscarnet.  2=> Letermovir.  3=> Cidofovir.   4=> Valganciclovir.   
2022,205,1,"205. Señale la opción correc ta en relación a los fos- foglicéridos:    1=> El factor activador de plaquetas pertenece a  esta clase.  2=> Son lípidos insaponificables si tienen carga  neta neutra, y saponif icables si negativa.  3=> El fosfatidilinositol, que se encuentra libre en  el citoplasma celular, es un importante pre-cursor de segundos mensajeros intracelulares.  4=> La cardiolipina es el principal componente de  la membrana plasmática del músculo cardiaco estriado.   "
2022,206,4,206. ¿Cuál de los siguientes antibióticos es inactiva- do por el surfactante pulmonar?:    1=> Ceftriaxona.  2=> Levofloxacino.  3=> Linezolid.  4=> Daptomicina.   
2022,207,2,207. ¿Cuál de los siguientes emparejamientos entre  fármaco antidiabético y efecto adverso es IN- CORRECTO?:    1=> Insulina - hipoglucemia.  2=> Sulfonilureas - pérdida de peso.  3=> Biguanidas - náuseas y diarrea.  4=> Glitazonas - retención de fluidos y edemas.                         
2022,208,4,"208.   Los llamados inhibidores mixtos son un tipo de inhibidores enzimáticos. Con respecto a estos:    1=> Se denominan así en referencia a que pueden  unirse al mismo sitio que el sustrato o a otro  diferente.  2=> Afectan a la Km aparente, pero no a la velo- cidad máxima (V max).  3=> En la práctica, sólo se observan en enzimas  con un único sustrato.  4=> Pueden provocar un aumento o disminución  de la Km aparente según sea la forma del en-zima a la que más fuertemente se une el inhi- bidor.   "
2022,209,4,209. El índice de masa corporal:    1=> Es una proporción.  2=> Es una odds.  3=> Es una tasa.  4=> Es una razón.   
2022,210,3,"210. En un método analítico, la concordancia entre  el valor medido y el valor real se relaciona con la siguiente propiedad analítica:    1=> La selectividad.  2=> La precisión.  3=> La exactitud.  4=> La sensibilidad.                                                            "
